Direction,Title,Filename,Size_GB,Quality_Score,Reason,Needs_Review,Will_Replace
Ali → Chris,Season 02,The Lord of the Rings The Rings of Power (2022) - S02E02 - Whe... [[Trash] Release Sources (Streaming Service)_14_0 Release Sources (Streaming Service)_11_5 Release Sources (Streaming Service)_17_5 WEBDL-2160p][DV HDR10Plus][EAC3 Atmos 5.1][h265]-HONE.mkv,8.39,2030,Ali has additional version (lower quality: 2030 vs 2030),NO,N/A
Ali → Chris,Season 02,The Lord of the Rings The Rings of Power (2022) - S02E03 - The... [[Trash] Release Sources (Streaming Service)_14_0 Release Sources (Streaming Service)_11_5 Release Sources (Streaming Service)_17_5 WEBDL-2160p][DV HDR10Plus][EAC3 Atmos 5.1][h265]-HONE.mkv,8.89,2030,Ali has additional version (lower quality: 2030 vs 2030),NO,N/A
Ali → Chris,Season 02,The Lord of the Rings The Rings of Power (2022) - S02E04 - Eldest [[Trash] Release Sources (Streaming Service)_14_0 Release Sources (Streaming Service)_11_5 Release Sources (Streaming Service)_17_5 WEBDL-2160p][DV HDR10Plus][EAC3 Atmos 5.1][h265]-HONE.mkv,8.68,2030,Ali has additional version (lower quality: 2030 vs 2030),NO,N/A
Ali → Chris,Season 02,The Lord of the Rings The Rings of Power (2022) - S02E05 - Hal... [[Trash] Release Sources (Streaming Service)_14_0 Release Sources (Streaming Service)_11_5 Release Sources (Streaming Service)_17_5 WEBDL-2160p][DV HDR10Plus][EAC3 Atmos 5.1][h265]-HONE.mkv,8.13,2030,Ali has additional version (lower quality: 2030 vs 2030),NO,N/A
Ali → Chris,Season 02,The Lord of the Rings The Rings of Power (2022) - S02E06 - Whe... [[Trash] Release Sources (Streaming Service)_14_0 Release Sources (Streaming Service)_11_5 Release Sources (Streaming Service)_17_5 WEBDL-2160p][DV HDR10Plus][EAC3 Atmos 5.1][h265]-HONE.mkv,8.41,2030,Ali has additional version (lower quality: 2030 vs 2030),NO,N/A
Ali → Chris,Season 02,The Lord of the Rings The Rings of Power (2022) - S02E07 - Doo... [[Trash] Release Sources (Streaming Service)_14_0 Release Sources (Streaming Service)_11_5 Release Sources (Streaming Service)_17_5 WEBDL-2160p][DV HDR10Plus][EAC3 Atmos 5.1][h265]-HONE.mkv,9.74,2030,Ali has additional version (lower quality: 2030 vs 2030),NO,N/A
Ali → Chris,Season 02,The Lord of the Rings The Rings of Power (2022) - S02E08 - Sha... [[Trash] Release Sources (Streaming Service)_14_0 Release Sources (Streaming Service)_11_5 Release Sources (Streaming Service)_17_5 WEBDL-2160p][DV HDR10Plus][EAC3 Atmos 5.1][h265]-HONE.mkv,9.84,2030,Ali has additional version (lower quality: 2030 vs 2030),NO,N/A
Ali → Chris,Season 02,House of the Dragon (2022) - S02E08 - The Queen Who Ever Was [[Trash] Release Sources (Streaming Service)_14_7 Release Sources (Streaming Service)_11_2 Release Sources (Streaming Service)_17_2 WEBDL-2160p][DV HDR10][EAC3 Atmos 5.1][h265]-FLUX.mkv,10.67,2030,Ali has additional version (lower quality: 2030 vs 2030),NO,N/A
Ali → Chris,Season 02,House of the Dragon (2022) - S02E07 - The Red Sowing [[Trash] Release Sources (Streaming Service)_14_7 Release Sources (Streaming Service)_11_2 Release Sources (Streaming Service)_17_2 WEBDL-2160p][DV HDR10][EAC3 Atmos 5.1][h265]-FLUX.mkv,9.77,2030,Ali has additional version (lower quality: 2030 vs 2030),NO,N/A
Ali → Chris,Season 02,House of the Dragon (2022) - S02E02 - Rhaenyra the Cruel [[Trash] Release Sources (Streaming Service)_14_7 Release Sources (Streaming Service)_11_2 Release Sources (Streaming Service)_17_2 WEBDL-2160p][DV HDR10][EAC3 Atmos 5.1][h265]-FLUX.mkv,10.71,2030,Ali has additional version (lower quality: 2030 vs 2030),NO,N/A
Ali → Chris,Season 02,House of the Dragon (2022) - S02E01 - A Son for a Son [[Trash] Release Sources (Streaming Service)_14_7 Release Sources (Streaming Service)_11_2 Release Sources (Streaming Service)_17_2 WEBDL-2160p][DV HDR10][EAC3 Atmos 5.1][h265]-FLUX.mkv,8.94,2030,Ali has additional version (lower quality: 2030 vs 2030),NO,N/A
Ali → Chris,Season 02,House of the Dragon (2022) - S02E04 - A Dance of Dragons [[Trash] Release Sources (Streaming Service)_14_7 Release Sources (Streaming Service)_11_2 Release Sources (Streaming Service)_17_2 WEBDL-2160p][DV HDR10][EAC3 Atmos 5.1][h265]-APEX.mkv,8.44,2030,Ali has additional version (lower quality: 2030 vs 2030),NO,N/A
Ali → Chris,Season 02,House of the Dragon (2022) - S02E05 - Regent [[Trash] Release Sources (Streaming Service)_14_7 Release Sources (Streaming Service)_11_2 Release Sources (Streaming Service)_17_2 WEBDL-2160p][DV HDR10][EAC3 Atmos 5.1][h265]-FLUX.mkv,9.70,2030,Ali has additional version (lower quality: 2030 vs 2030),NO,N/A
Ali → Chris,Season 02,House of the Dragon (2022) - S02E06 - Smallfolk [[Trash] Release Sources (Streaming Service)_14_7 Release Sources (Streaming Service)_11_2 Release Sources (Streaming Service)_17_2 WEBDL-2160p][DV HDR10][EAC3 Atmos 5.1][h265]-FLUX.mkv,10.37,2030,Ali has additional version (lower quality: 2030 vs 2030),NO,N/A
Ali → Chris,Season 02,House of the Dragon (2022) - S02E03 - The Burning Mill [[Trash] Release Sources (Streaming Service)_14_7 Release Sources (Streaming Service)_11_2 Release Sources (Streaming Service)_17_2 WEBDL-2160p][DV HDR10][EAC3 Atmos 5.1][h265]-FLUX.mkv,10.20,2030,Ali has additional version (lower quality: 2030 vs 2030),NO,N/A
Ali → Chris,Season 02,Fallout (2024) - S02E02 - The Casino [[Trash] Release Sources (Streaming Service)_14_0 Release Sources (Streaming Service)_11_5 Release Sources (Streaming Service)_17_5][WEBDL-2160p][EAC3 Atmos 5.1][DV HDR10Plus][h265]-FLUX.mkv,7.29,2030,Ali has additional version (lower quality: 2030 vs 2030),NO,N/A
Ali → Chris,Season 02,Star.Trek.Strange.New.Worlds.S02E01.The.Broken.Circle.2160p.PMTP.WEB-DL.DDP5.1.DV.HDR.H.265-FLUX.mkv,5.16,1850,Ali has additional version (lower quality: 1850 vs 2030),NO,N/A
Ali → Chris,Season 02,Star.Trek.Strange.New.Worlds.S02E02.Ad.Astra.per.Aspera.2160p.PMTP.WEB-DL.DDP5.1.DV.HDR.H.265-FLUX.mkv,5.59,1850,Ali has additional version (lower quality: 1850 vs 2030),NO,N/A
Ali → Chris,Season 02,Star.Trek.Strange.New.Worlds.S02E03.Tomorrow.and.Tomorrow.and.Tomorrow.2160p.PMTP.WEB-DL.DDP5.1.DV.HDR.H.265-FLUX.mkv,5.96,1850,Ali has additional version (lower quality: 1850 vs 2030),NO,N/A
Ali → Chris,Season 02,Star.Trek.Strange.New.Worlds.S02E04.Among.the.Lotus.Eaters.2160p.PMTP.WEB-DL.DDP5.1.DV.HDR.H.265-FLUX.mkv,5.73,1850,Ali has additional version (lower quality: 1850 vs 2030),NO,N/A
Ali → Chris,Season 02,Star.Trek.Strange.New.Worlds.S02E05.Charades.REPACK.2160p.PMTP.WEB-DL.DDP5.1.DV.HDR.H.265-FLUX.mkv,5.96,1850,Ali has additional version (lower quality: 1850 vs 2030),NO,N/A
Ali → Chris,Season 02,Star.Trek.Strange.New.Worlds.S02E06.Lost.in.Translation.2160p.PMTP.WEB-DL.DDP5.1.DV.HDR.H.265-FLUX.mkv,5.33,1850,Ali has additional version (lower quality: 1850 vs 2030),NO,N/A
Ali → Chris,Season 02,Star.Trek.Strange.New.Worlds.S02E07.Those.Old.Scientists.2160p.PMTP.WEB-DL.DDP5.1.DV.HDR.H.265-FLUX.mkv,4.73,1850,Ali has additional version (lower quality: 1850 vs 2030),NO,N/A
Ali → Chris,Season 02,Star.Trek.Strange.New.Worlds.S02E08.Under.the.Cloak.of.War.2160p.PMTP.WEB-DL.DDP5.1.DV.HDR.H.265-FLUX.mkv,4.86,1850,Ali has additional version (lower quality: 1850 vs 2030),NO,N/A
Ali → Chris,Season 02,Star.Trek.Strange.New.Worlds.S02E09.Subspace.Rhapsody.2160p.PMTP.WEB-DL.DDP5.1.DV.HDR.H.265-FLUX.mkv,6.19,1850,Ali has additional version (lower quality: 1850 vs 2030),NO,N/A
Ali → Chris,Season 02,Star.Trek.Strange.New.Worlds.S02E10.Hegemony.2160p.PMTP.WEB-DL.DDP5.1.DV.HDR.H.265-FLUX.mkv,5.25,1850,Ali has additional version (lower quality: 1850 vs 2030),NO,N/A
Ali → Chris,Season 02,Our.Planet.2019.S02E01.Chapter.1.World.on.the.Move.2160p.NF.WEB-DL.DDP5.1.Atmos.DV.HDR.H.265-FLUX.mkv,6.55,1850,Ali has additional version (lower quality: 1850 vs 2030),NO,N/A
Ali → Chris,Season 02,Our.Planet.2019.S02E02.Chapter.2.Following.the.Sun.2160p.NF.WEB-DL.DDP5.1.Atmos.DV.HDR.H.265-FLUX.mkv,4.52,1850,Ali has additional version (lower quality: 1850 vs 2030),NO,N/A
Ali → Chris,Season 02,Our.Planet.2019.S02E03.Chapter.3.The.Next.Generation.2160p.NF.WEB-DL.DDP5.1.Atmos.DV.HDR.H.265-FLUX.mkv,6.85,1850,Ali has additional version (lower quality: 1850 vs 2030),NO,N/A
Ali → Chris,Season 02,Our.Planet.2019.S02E04.Chapter.4.Freedom.to.Roam.2160p.NF.WEB-DL.DDP5.1.Atmos.DV.HDR.H.265-FLUX.mkv,6.88,1850,Ali has additional version (lower quality: 1850 vs 2030),NO,N/A
Ali → Chris,Season 02,Fallout (2024) - S02E01 - The Father [[Trash] Release Sources (Streaming Service)_14_0 Release Sources (Streaming Service)_11_5 Release Sources (Streaming Service)_17_5][WEBDL-2160p][EAC3 Atmos 5.1][HDR10Plus][h265]-N1H4L.mkv,6.36,1850,Ali has additional version (lower quality: 1850 vs 2030),NO,N/A
Ali → Chris,Season 02,The Boys (2019) S02E04 (2160p AMZN WEB-DL H265 HDR10+ DDP 5.1 English - HONE).mkv,7.28,1800,Ali has additional version (lower quality: 1800 vs 2030),NO,N/A
Ali → Chris,Season 02,The Boys (2019) S02E05 (2160p AMZN WEB-DL H265 HDR10+ DDP 5.1 English - HONE).mkv,6.47,1800,Ali has additional version (lower quality: 1800 vs 2030),NO,N/A
Ali → Chris,Season 02,The Boys (2019) S02E06 (2160p AMZN WEB-DL H265 HDR10+ DDP 5.1 English - HONE).mkv,6.95,1800,Ali has additional version (lower quality: 1800 vs 2030),NO,N/A
Ali → Chris,Season 02,The Boys (2019) S02E07 (2160p AMZN WEB-DL H265 HDR10+ DDP 5.1 English - HONE).mkv,5.78,1800,Ali has additional version (lower quality: 1800 vs 2030),NO,N/A
Ali → Chris,Season 02,The Boys (2019) S02E08 (2160p AMZN WEB-DL H265 HDR10+ DDP 5.1 English - HONE).mkv,7.19,1800,Ali has additional version (lower quality: 1800 vs 2030),NO,N/A
Ali → Chris,Season 02,The Boys (2019) S02E01 (2160p AMZN WEB-DL H265 HDR10+ DDP 5.1 English - HONE).mkv,6.71,1800,Ali has additional version (lower quality: 1800 vs 2030),NO,N/A
Ali → Chris,Season 02,The Boys (2019) S02E02 (2160p AMZN WEB-DL H265 HDR10+ DDP 5.1 English - HONE).mkv,6.33,1800,Ali has additional version (lower quality: 1800 vs 2030),NO,N/A
Ali → Chris,Season 02,The Boys (2019) S02E03 (2160p AMZN WEB-DL H265 HDR10+ DDP 5.1 English - HONE).mkv,6.23,1800,Ali has additional version (lower quality: 1800 vs 2030),NO,N/A
Ali → Chris,Season 02,The Chosen (2019) - S02E01 - Thunder [[Trash] Release Sources (Streaming Service)_14_0 Release Sources (Streaming Service)_11_5 Release Sources (Streaming Service)_17_5][WEBDL-2160p][EAC3 5.1][h265]-playWEB.mkv,6.83,1750,Ali has additional version (lower quality: 1750 vs 2030),NO,N/A
Ali → Chris,Season 02,The Chosen (2019) - S02E02 - I Saw You [[Trash] Release Sources (Streaming Service)_14_0 Release Sources (Streaming Service)_11_5 Release Sources (Streaming Service)_17_5][WEBDL-2160p][EAC3 5.1][h265]-playWEB.mkv,5.55,1750,Ali has additional version (lower quality: 1750 vs 2030),NO,N/A
Ali → Chris,Season 02,The Chosen (2019) - S02E03 - Matthew 424 [[Trash] Release Sources (Streaming Service)_14_0 Release Sources (Streaming Service)_11_5 Release Sources (Streaming Service)_17_5][WEBDL-2160p][EAC3 5.1][h265]-playWEB.mkv,3.84,1750,Ali has additional version (lower quality: 1750 vs 2030),NO,N/A
Ali → Chris,Season 02,The Chosen (2019) - S02E04 - The Perfect Opportunity [[Trash] Release Sources (Streaming Service)_14_0 Release Sources (Streaming Service)_11_5 Release Sources (Streaming Service)_17_5][WEBDL-2160p][EAC3 5.1][h265]-playWEB.mkv,6.18,1750,Ali has additional version (lower quality: 1750 vs 2030),NO,N/A
Ali → Chris,Season 02,The Chosen (2019) - S02E05 - Spirit [[Trash] Release Sources (Streaming Service)_14_0 Release Sources (Streaming Service)_11_5 Release Sources (Streaming Service)_17_5][WEBDL-2160p][EAC3 5.1][h265]-playWEB.mkv,5.01,1750,Ali has additional version (lower quality: 1750 vs 2030),NO,N/A
Ali → Chris,Season 02,The Chosen (2019) - S02E06 - Unlawful [[Trash] Release Sources (Streaming Service)_14_0 Release Sources (Streaming Service)_11_5 Release Sources (Streaming Service)_17_5][WEBDL-2160p][EAC3 5.1][h265]-playWEB.mkv,4.64,1750,Ali has additional version (lower quality: 1750 vs 2030),NO,N/A
Ali → Chris,Season 02,The Chosen (2019) - S02E07 - Reckoning [[Trash] Release Sources (Streaming Service)_14_0 Release Sources (Streaming Service)_11_5 Release Sources (Streaming Service)_17_5][WEBDL-2160p][EAC3 5.1][h265]-playWEB.mkv,4.47,1750,Ali has additional version (lower quality: 1750 vs 2030),NO,N/A
Ali → Chris,Season 02,The Chosen (2019) - S02E08 - Beyond Mountains [[Trash] Release Sources (Streaming Service)_14_0 Release Sources (Streaming Service)_11_5 Release Sources (Streaming Service)_17_5][WEBDL-2160p][EAC3 5.1][h265]-playWEB.mkv,5.95,1750,Ali has additional version (lower quality: 1750 vs 2030),NO,N/A
Ali → Chris,Season 04,The Boys (2019) - S04E03 - We'll Keep the Red Flag Flying [[Trash] Release Sources (Streaming Service)_14_0 Release Sources (Streaming Service)_11_5 Release Sources (Streaming Service)_17_5 WEBDL-2160p][HDR10Plus][EAC3 5.1][h265]-FLUX.mkv,6.04,1850,Ali has additional version (lower quality: 1850 vs 1850),NO,N/A
Ali → Chris,Season 04,The Boys (2019) - S04E02 - Life Among the Septics [[Trash] Release Sources (Streaming Service)_14_0 Release Sources (Streaming Service)_11_5 Release Sources (Streaming Service)_17_5 WEBDL-2160p][HDR10Plus][EAC3 5.1][h265]-FLUX.mkv,8.16,1850,Ali has additional version (lower quality: 1850 vs 1850),NO,N/A
Ali → Chris,Season 04,The Boys (2019) - S04E01 - Department of Dirty Tricks [[Trash] Release Sources (Streaming Service)_14_0 Release Sources (Streaming Service)_11_5 Release Sources (Streaming Service)_17_5 WEBDL-2160p][HDR10Plus][EAC3 5.1][h265]-FLUX.mkv,6.54,1850,Ali has additional version (lower quality: 1850 vs 1850),NO,N/A
Ali → Chris,Season 04,The Boys (2019) - S04E04 - Wisdom of the Ages [[Trash] Release Sources (Streaming Service)_14_0 Release Sources (Streaming Service)_11_5 Release Sources (Streaming Service)_17_5 WEBDL-2160p][HDR10Plus][EAC3 5.1][h265]-FLUX.mkv,6.68,1850,Ali has additional version (lower quality: 1850 vs 1850),NO,N/A
Ali → Chris,Season 04,The Boys (2019) - S04E05 - Beware the Jabberwock My Son [[Trash] Release Sources (Streaming Service)_14_0 Release Sources (Streaming Service)_11_5 Release Sources (Streaming Service)_17_5 WEBDL-2160p][HDR10Plus][EAC3 5.1][h265]-FLUX.mkv,6.87,1850,Ali has additional version (lower quality: 1850 vs 1850),NO,N/A
Ali → Chris,Season 04,The Boys (2019) - S04E06 - Dirty Business [[Trash] Release Sources (Streaming Service)_14_0 Release Sources (Streaming Service)_11_5 Release Sources (Streaming Service)_17_5 WEBDL-2160p][HDR10Plus][EAC3 5.1][h265]-FLUX.mkv,6.57,1850,Ali has additional version (lower quality: 1850 vs 1850),NO,N/A
Ali → Chris,Season 04,The Boys (2019) - S04E07 - The Insider [[Trash] Release Sources (Streaming Service)_14_0 Release Sources (Streaming Service)_11_5 Release Sources (Streaming Service)_17_5 WEBDL-2160p][HDR10Plus][EAC3 5.1][h265]-FLUX.mkv,6.54,1850,Ali has additional version (lower quality: 1850 vs 1850),NO,N/A
Ali → Chris,Season 04,Star Trek Discovery (2017) - S04E03 - Choose to Live [[Trash] Release Sources (Streaming Service)_14_15 Release Sources (Streaming Service)_11_7 Release Sources (Streaming Service)_17_8 WEBDL-2160p][HDR10Plus][EAC3 5.1][HEVC]-NTb.mkv,5.62,1850,Ali has additional version (lower quality: 1850 vs 1850),NO,N/A
Ali → Chris,Season 04,Star Trek Discovery (2017) - S04E04 - All Is Possible [[Trash] Release Sources (Streaming Service)_14_15 Release Sources (Streaming Service)_11_7 Release Sources (Streaming Service)_17_8 WEBDL-2160p][HDR10Plus][EAC3 5.1][HEVC]-NTb.mkv,5.51,1850,Ali has additional version (lower quality: 1850 vs 1850),NO,N/A
Ali → Chris,Season 04,Star Trek Discovery (2017) - S04E06 - Stormy Weather [[Trash] Release Sources (Streaming Service)_14_15 Release Sources (Streaming Service)_11_7 Release Sources (Streaming Service)_17_8 WEBDL-2160p][HDR10Plus][EAC3 5.1][HEVC]-NTb.mkv,4.74,1850,Ali has additional version (lower quality: 1850 vs 1850),NO,N/A
Ali → Chris,Season 04,Star Trek Discovery (2017) - S04E02 - Anomaly [[Trash] Release Sources (Streaming Service)_14_15 Release Sources (Streaming Service)_11_7 Release Sources (Streaming Service)_17_8 WEBDL-2160p][HDR10Plus][EAC3 5.1][HEVC]-NTb.mkv,5.04,1850,Ali has additional version (lower quality: 1850 vs 1850),NO,N/A
Ali → Chris,Season 04,Star Trek Discovery (2017) - S04E05 - The Examples [[Trash] Release Sources (Streaming Service)_14_15 Release Sources (Streaming Service)_11_7 Release Sources (Streaming Service)_17_8 WEBDL-2160p][HDR10Plus][EAC3 5.1][HEVC]-NTb.mkv,5.20,1850,Ali has additional version (lower quality: 1850 vs 1850),NO,N/A
Ali → Chris,Season 04,The Chosen (2019) - S04E01 - Promises [[Trash] Release Sources (Streaming Service)_14_0 Release Sources (Streaming Service)_11_5 Release Sources (Streaming Service)_17_5][WEBDL-2160p][EAC3 5.1][h265]-playWEB.mkv,5.81,1750,Ali has additional version (lower quality: 1750 vs 1850),NO,N/A
Ali → Chris,Season 04,The Chosen (2019) - S04E02 - Confessions [[Trash] Release Sources (Streaming Service)_14_0 Release Sources (Streaming Service)_11_5 Release Sources (Streaming Service)_17_5][WEBDL-2160p][EAC3 5.1][h265]-playWEB.mkv,8.49,1750,Ali has additional version (lower quality: 1750 vs 1850),NO,N/A
Ali → Chris,Season 04,The Chosen (2019) - S04E03 - Moon to Blood [[Trash] Release Sources (Streaming Service)_14_0 Release Sources (Streaming Service)_11_5 Release Sources (Streaming Service)_17_5][WEBDL-2160p][EAC3 5.1][h265]-playWEB.mkv,5.96,1750,Ali has additional version (lower quality: 1750 vs 1850),NO,N/A
Ali → Chris,Season 04,The Chosen (2019) - S04E04 - Calm Before [[Trash] Release Sources (Streaming Service)_14_0 Release Sources (Streaming Service)_11_5 Release Sources (Streaming Service)_17_5][WEBDL-2160p][EAC3 5.1][h265]-playWEB.mkv,6.87,1750,Ali has additional version (lower quality: 1750 vs 1850),NO,N/A
Ali → Chris,Season 04,The Chosen (2019) - S04E05 - Sitting Serving Scheming [[Trash] Release Sources (Streaming Service)_14_0 Release Sources (Streaming Service)_11_5 Release Sources (Streaming Service)_17_5][WEBDL-2160p][EAC3 5.1][h265]-playWEB.mkv,7.10,1750,Ali has additional version (lower quality: 1750 vs 1850),NO,N/A
Ali → Chris,Season 04,The Chosen (2019) - S04E06 - Dedication [[Trash] Release Sources (Streaming Service)_14_0 Release Sources (Streaming Service)_11_5 Release Sources (Streaming Service)_17_5][WEBDL-2160p][EAC3 5.1][h265]-playWEB.mkv,6.76,1750,Ali has additional version (lower quality: 1750 vs 1850),NO,N/A
Ali → Chris,Season 04,The Chosen (2019) - S04E07 - The Last Sign [[Trash] Release Sources (Streaming Service)_14_0 Release Sources (Streaming Service)_11_5 Release Sources (Streaming Service)_17_5][WEBDL-2160p][EAC3 5.1][h265]-playWEB.mkv,7.72,1750,Ali has additional version (lower quality: 1750 vs 1850),NO,N/A
Ali → Chris,Season 04,The Chosen (2019) - S04E08 - Humble [[Trash] Release Sources (Streaming Service)_14_0 Release Sources (Streaming Service)_11_5 Release Sources (Streaming Service)_17_5][WEBDL-2160p][EAC3 5.1][h265]-playWEB.mkv,8.61,1750,Ali has additional version (lower quality: 1750 vs 1850),NO,N/A
Ali → Chris,Season 2,The.Mandalorian.S02E01.Chapter.9.The.Marshal.2160p.DSNP.WEB-DL.DDP.5.1.Atmos.DoVi.HDR.HEVC-SiC.mkv,6.09,1850,Only Ali has this file,NO,N/A
Ali → Chris,Season 2,The.Mandalorian.S02E02.Chapter.10.The.Passenger.2160p.DSNP.WEB-DL.DDP.5.1.Atmos.DoVi.HDR.HEVC-SiC.mkv,4.71,1850,Only Ali has this file,NO,N/A
Ali → Chris,Season 2,The.Mandalorian.S02E03.Chapter.11.The.Heiress.2160p.DSNP.WEB-DL.DDP.5.1.Atmos.DoVi.HDR.HEVC-SiC.mkv,3.86,1850,Only Ali has this file,NO,N/A
Ali → Chris,Season 2,The.Mandalorian.S02E04.Chapter.12.The.Siege.2160p.DSNP.WEB-DL.DDP.5.1.Atmos.DoVi.HDR.HEVC-SiC.mkv,4.32,1850,Only Ali has this file,NO,N/A
Ali → Chris,Season 2,The.Mandalorian.S02E05.Chapter.13.The.Jedi.2160p.DSNP.WEB-DL.DDP.5.1.Atmos.DoVi.HDR.HEVC-SiC.mkv,5.29,1850,Only Ali has this file,NO,N/A
Ali → Chris,Season 2,The.Mandalorian.S02E06.Chapter.14.The.Tragedy.2160p.DSNP.WEB-DL.DDP.5.1.Atmos.DoVi.HDR.HEVC-SiC.mkv,3.69,1850,Only Ali has this file,NO,N/A
Ali → Chris,Season 2,The.Mandalorian.S02E07.Chapter.15.The.Believer.2160p.DSNP.WEB-DL.DDP.5.1.Atmos.DoVi.HDR.HEVC-SiC.mkv,4.25,1850,Only Ali has this file,NO,N/A
Ali → Chris,Season 2,The.Mandalorian.S02E08.Chapter.16.The.Rescue.2160p.DSNP.WEB-DL.DDP.5.1.Atmos.DoVi.HDR.HEVC-SiC.mkv,5.08,1850,Only Ali has this file,NO,N/A
Ali → Chris,Season 1,The.Mandalorian.S01E02.Chapter.2.The.Child.2160p.DSNP.WEB-DL.DDP.5.1.Atmos.DoVi.HDR.HEVC-SiC.mkv,3.58,1850,Ali has additional version (lower quality: 1850 vs 1850),NO,N/A
Ali → Chris,Season 1,The.Mandalorian.S01E03.Chapter.3.The.Sin.2160p.DSNP.WEB-DL.DDP.5.1.Atmos.DoVi.HDR.HEVC-SiC.mkv,4.05,1850,Ali has additional version (lower quality: 1850 vs 1850),NO,N/A
Ali → Chris,Season 1,The.Mandalorian.S01E04.Chapter.4.Sanctuary.2160p.DSNP.WEB-DL.DDP.5.1.Atmos.DoVi.HDR.HEVC-SiC.mkv,4.56,1850,Ali has additional version (lower quality: 1850 vs 1850),NO,N/A
Ali → Chris,Season 1,The.Mandalorian.S01E05.Chapter.5.The.Gunslinger.2160p.DSNP.WEB-DL.DDP.5.1.Atmos.DoVi.HDR.HEVC-SiC.mkv,3.89,1850,Ali has additional version (lower quality: 1850 vs 1850),NO,N/A
Ali → Chris,Season 1,The.Mandalorian.S01E06.Chapter.6.The.Prisoner.2160p.DSNP.WEB-DL.DDP.5.1.Atmos.DoVi.HDR.HEVC-SiC.mkv,4.81,1850,Ali has additional version (lower quality: 1850 vs 1850),NO,N/A
Ali → Chris,Season 1,The.Mandalorian.S01E07.Chapter.7.The.Reckoning.2160p.DSNP.WEB-DL.DDP.5.1.Atmos.DoVi.HDR.HEVC-SiC.mkv,4.50,1850,Ali has additional version (lower quality: 1850 vs 1850),NO,N/A
Ali → Chris,Season 1,The.Mandalorian.S01E08.Chapter.8.Redemption.2160p.DSNP.WEB-DL.DDP.5.1.Atmos.DoVi.HDR.HEVC-SiC.mkv,5.46,1850,Ali has additional version (lower quality: 1850 vs 1850),NO,N/A
Ali → Chris,Season 1,Our.Planet.S01E01.One.Planet.2160p.NF.WEB-DL.DDP.5.1.Atmos.DoVi.HDR.HEVC-SiC.mkv,5.49,1850,Ali has additional version (lower quality: 1850 vs 1850),NO,N/A
Ali → Chris,Season 1,Our.Planet.S01E02.Frozen.Worlds.2160p.NF.WEB-DL.DDP.5.1.Atmos.DoVi.HDR.HEVC-SiC.mkv,5.77,1850,Ali has additional version (lower quality: 1850 vs 1850),NO,N/A
Ali → Chris,Season 1,Our.Planet.S01E03.Jungles.2160p.NF.WEB-DL.DDP.5.1.Atmos.DoVi.HDR.HEVC-SiC.mkv,5.86,1850,Ali has additional version (lower quality: 1850 vs 1850),NO,N/A
Ali → Chris,Season 1,Our.Planet.S01E04.Coastal.Seas.2160p.NF.WEB-DL.DDP.5.1.Atmos.DoVi.HDR.HEVC-SiC.mkv,5.75,1850,Ali has additional version (lower quality: 1850 vs 1850),NO,N/A
Ali → Chris,Season 1,Our.Planet.S01E05.From.Deserts.to.Grasslands.2160p.NF.WEB-DL.DDP.5.1.Atmos.DoVi.HDR.HEVC-SiC.mkv,5.58,1850,Ali has additional version (lower quality: 1850 vs 1850),NO,N/A
Ali → Chris,Season 1,Our.Planet.S01E06.The.High.Seas.2160p.NF.WEB-DL.DDP.5.1.Atmos.DoVi.HDR.HEVC-SiC.mkv,5.54,1850,Ali has additional version (lower quality: 1850 vs 1850),NO,N/A
Ali → Chris,Season 1,Our.Planet.S01E07.Fresh.Water.2160p.NF.WEB-DL.DDP.5.1.Atmos.DoVi.HDR.HEVC-SiC.mkv,5.52,1850,Ali has additional version (lower quality: 1850 vs 1850),NO,N/A
Ali → Chris,Season 1,Our.Planet.S01E08.Forests.2160p.NF.WEB-DL.DDP.5.1.Atmos.DoVi.HDR.HEVC-SiC.mkv,5.47,1850,Ali has additional version (lower quality: 1850 vs 1850),NO,N/A
Ali → Chris,Season 1,Super-Natural.S01E01.Strange.Relations.2160p.DSNP.WEB-DL.DDP5.1.DoVi.H.265-NTb.mkv,4.88,1850,Ali has additional version (lower quality: 1850 vs 1850),NO,N/A
Ali → Chris,Season 1,Super-Natural.S01E02.Bloodline.2160p.DSNP.WEB-DL.DDP5.1.DoVi.H.265-NTb.mkv,5.43,1850,Ali has additional version (lower quality: 1850 vs 1850),NO,N/A
Ali → Chris,Season 1,Super-Natural.S01E03.Eat.or.Be.Eaten.2160p.DSNP.WEB-DL.DDP5.1.DoVi.H.265-NTb.mkv,4.71,1850,Ali has additional version (lower quality: 1850 vs 1850),NO,N/A
Ali → Chris,Season 1,Super-Natural.S01E04.Rivals.2160p.DSNP.WEB-DL.DDP5.1.DoVi.H.265-NTb.mkv,4.97,1850,Ali has additional version (lower quality: 1850 vs 1850),NO,N/A
Ali → Chris,Season 1,Super-Natural.S01E05.The.Mating.Game.2160p.DSNP.WEB-DL.DDP5.1.DoVi.H.265-NTb.mkv,5.54,1850,Ali has additional version (lower quality: 1850 vs 1850),NO,N/A
Ali → Chris,Season 1,Super-Natural.S01E06.Impossible.Journeys.2160p.DSNP.WEB-DL.DDP5.1.DoVi.H.265-NTb.mkv,4.85,1850,Ali has additional version (lower quality: 1850 vs 1850),NO,N/A
Ali → Chris,Season 1,The.Boys.S01E01.The.Name.Of.The.Game.2160p.AMZN.WEBRip.DDP5.1.x264-NTb.mkv,12.82,1600,Ali has additional version (lower quality: 1600 vs 1850),NO,N/A
Ali → Chris,Season 1,The.Boys.S01E02.Cherry.2160p.AMZN.WEBRip.DDP5.1.x264-NTb.mkv,12.48,1600,Ali has additional version (lower quality: 1600 vs 1850),NO,N/A
Ali → Chris,Season 1,The.Boys.S01E03.Get.Some.2160p.AMZN.WEBRip.DDP5.1.x264-NTb.mkv,11.76,1600,Ali has additional version (lower quality: 1600 vs 1850),NO,N/A
Ali → Chris,Season 1,The.Boys.S01E04.The.Female.Of.The.Species.2160p.AMZN.WEBRip.DDP5.1.x264-NTb.mkv,12.98,1600,Ali has additional version (lower quality: 1600 vs 1850),NO,N/A
Ali → Chris,Season 1,The.Boys.S01E05.Good.For.The.Soul.2160p.AMZN.WEBRip.DDP5.1.x264-NTb.mkv,12.73,1600,Ali has additional version (lower quality: 1600 vs 1850),NO,N/A
Ali → Chris,Season 1,The.Boys.S01E06.The.Innocents.2160p.AMZN.WEBRip.DDP5.1.x264-NTb.mkv,12.67,1600,Ali has additional version (lower quality: 1600 vs 1850),NO,N/A
Ali → Chris,Season 1,The.Boys.S01E07.The.Self-Preservation.Society.2160p.AMZN.WEBRip.DDP5.1.x264-NTb.mkv,11.52,1600,Ali has additional version (lower quality: 1600 vs 1850),NO,N/A
Ali → Chris,Season 1,The.Boys.S01E08.You.Found.Me.2160p.AMZN.WEBRip.DDP5.1.x264-NTb.mkv,14.10,1600,Ali has additional version (lower quality: 1600 vs 1850),NO,N/A
Ali → Chris,Season 05,The Chosen (2019) - S05E01 - Entry [[Trash] Release Sources (Streaming Service)_14_0 Release Sources (Streaming Service)_11_5 Release Sources (Streaming Service)_17_5][WEBDL-2160p][EAC3 5.1][h265]-FLUX.mkv,6.51,1750,Only Ali has this file,NO,N/A
Ali → Chris,Season 05,The Chosen (2019) - S05E02 - House of Cards [[Trash] Release Sources (Streaming Service)_14_0 Release Sources (Streaming Service)_11_5 Release Sources (Streaming Service)_17_5][WEBDL-2160p][EAC3 5.1][h265]-FLUX.mkv,5.30,1750,Only Ali has this file,NO,N/A
Ali → Chris,Season 05,The Chosen (2019) - S05E05 - Because of Me [[Trash] Release Sources (Streaming Service)_14_0 Release Sources (Streaming Service)_11_5 Release Sources (Streaming Service)_17_5][WEBDL-2160p][EAC3 5.1][h265]-FLUX.mkv,4.80,1750,Only Ali has this file,NO,N/A
Ali → Chris,Season 05,The Chosen (2019) - S05E04 - The Same Coin [[Trash] Release Sources (Streaming Service)_14_0 Release Sources (Streaming Service)_11_5 Release Sources (Streaming Service)_17_5][WEBDL-2160p][EAC3 5.1][h265]-FLUX.mkv,5.72,1750,Only Ali has this file,NO,N/A
Ali → Chris,Season 05,The Chosen (2019) - S05E03 - Woes [[Trash] Release Sources (Streaming Service)_14_0 Release Sources (Streaming Service)_11_5 Release Sources (Streaming Service)_17_5][WEBDL-2160p][EAC3 5.1][h265]-FLUX.mkv,6.09,1750,Only Ali has this file,NO,N/A
Ali → Chris,Season 05,The Chosen (2019) - S05E08 - The Upper Room 2 [WEBDL-2160p][EAC3 5.1][h265]-radiantturacoofpremiumpride.mkv,8.79,1750,Only Ali has this file,NO,N/A
Ali → Chris,Season 05,The Chosen (2019) - S05E06 - Reunions [WEBDL-2160p][EAC3 5.1][h265]-loudvaliantlorikeetofmastery.mkv,8.18,1900,Only Ali has this file,NO,N/A
Ali → Chris,Season 05,The Chosen (2019) - S05E07 - The Upper Room 1 [WEBDL-2160p][EAC3 5.1][h265]-dexterouseggplantboobyofjoviality.mkv,8.54,1750,Only Ali has this file,NO,N/A
Ali → Chris,Season 3,The.Boys.S03E02.The.Only.Man.In.The.Sky.2160p.AMZN.WEB-DL.DDP5.1.HDR.H.265-FLUX.mkv,6.18,1950,Ali has additional version (lower quality: 1950 vs 1950),NO,N/A
Ali → Chris,Season 3,The.Boys.S03E03.Barbary.Coast.2160p.AMZN.WEB-DL.DDP5.1.HDR.H.265-FLUX.mkv,6.33,1950,Ali has additional version (lower quality: 1950 vs 1950),NO,N/A
Ali → Chris,Season 3,The.Boys.S03E04.Glorious.Five.Year.Plan.2160p.AMZN.WEB-DL.DDP5.1.HDR.H.265-FLUX.mkv,6.36,1950,Ali has additional version (lower quality: 1950 vs 1950),NO,N/A
Ali → Chris,Season 3,The.Boys.S03E05.The.Last.Time.To.Look.On.This.World.Of.Lies.2160p.AMZN.WEB-DL.DDP5.1.HDR.H.265-FLUX.mkv,6.33,1950,Ali has additional version (lower quality: 1950 vs 1950),NO,N/A
Ali → Chris,Season 3,The.Boys.S03E06.Herogasm.2160p.AMZN.WEB-DL.DDP5.1.HDR.H.265-FLUX.mkv,6.26,1950,Ali has additional version (lower quality: 1950 vs 1950),NO,N/A
Ali → Chris,Season 3,The.Boys.S03E07.Here.Comes.a.Candle.to.Light.You.to.Bed.2160p.AMZN.WEB-DL.DDP5.1.HDR.H.265.FLUX.mkv,6.72,1950,Ali has additional version (lower quality: 1950 vs 1950),NO,N/A
Ali → Chris,Season 3,The.Boys.S03E08.The.Instant.White-Hot.Wild.2160p.AMZN.WEB-DL.DDP5.1.HDR.H.265-FLUX.mkv,6.42,1950,Ali has additional version (lower quality: 1950 vs 1950),NO,N/A
Ali → Chris,Season 03,Star Trek Strange New Worlds (2022) - S03E03 - Shuttle to Kenfori [WEBDL-2160p][EAC3 5.1][HDR10Plus][h265]-successfulcrab.mkv,2.46,1850,Only Ali has this file,NO,N/A
Ali → Chris,Season 03,Star Trek Strange New Worlds (2022) - S03E04 - A Space Adventure Hour [WEBDL-2160p][EAC3 5.1][HDR10Plus][h265]-successfulcrab.mkv,3.65,2030,Only Ali has this file,NO,N/A
Ali → Chris,Season 03,Star Trek Strange New Worlds (2022) - S03E05 - Through the Lens of Time [WEBDL-2160p][EAC3 5.1][HDR10Plus][h265]-successfulcrab.mkv,1.49,1850,Only Ali has this file,NO,N/A
Ali → Chris,Season 03,Star Trek Strange New Worlds (2022) - S03E06 - The Sehlat Who Ate Its Tail [WEBDL-2160p][EAC3 5.1][HDR10Plus][h265]-successfulcrab.mkv,1.99,1850,Only Ali has this file,NO,N/A
Ali → Chris,Season 03,Star Trek Strange New Worlds (2022) - S03E07 - What Is Starfleet [[Trash] Release Sources (Streaming Service)_14_15 Release Sources (Streaming Service)_11_7 Release Sources (Streaming Service)_17_8][WEBDL-2160p][EAC3 5.1][DV HDR10Plus][h265]-FLUX.mkv,2.43,2030,Only Ali has this file,NO,N/A
Ali → Chris,Season 03,Star Trek Strange New Worlds (2022) - S03E08 - Four-and-a-Half Vulcans [WEBDL-2160p][EAC3 5.1][DV HDR10Plus][h265]-HONE.mkv,9.22,2030,Only Ali has this file,NO,N/A
Ali → Chris,Season 03,Star Trek Strange New Worlds (2022) - S03E09 - Terrarium [WEBDL-2160p][EAC3 5.1][HDR10Plus][h265]-successfulcrab.mkv,1.98,1850,Only Ali has this file,NO,N/A
Ali → Chris,Season 03,Star Trek Strange New Worlds (2022) - S03E10 - New Life and New Civili... [[Trash] Release Sources (Streaming Service)_14_15 Release Sources (Streaming Service)_11_7 Release Sources (Streaming Service)_17_8][WEBDL-2160p][EAC3 5.1][HDR10Plus][h265]-STC.mkv,1.55,1850,Only Ali has this file,NO,N/A
Ali → Chris,Season 03,Star Trek Strange New Worlds (2022) - S03E02 - Wedding Bell Blues [WEBDL-2160p][HDR10Plus][EAC3 5.1][h265]-successfulcrab.mkv,1.34,1850,Only Ali has this file,NO,N/A
Ali → Chris,Season 03,Star Trek Strange New Worlds (2022) - S03E01 - Hegemony 2 [WEBDL-2160p][HDR10Plus][EAC3 5.1][h265]-successfulcrab.mkv,1.97,1850,Only Ali has this file,NO,N/A
Ali → Chris,Season 03,Star Trek Picard (2020) - S03E08 - Part Eight Surrender [[Trash] Release Sources (Streaming Service)_14_0 Release Sources (Streaming Service)_11_5 Release Sources (Streaming Service)_17_5 WEBDL-2160p][DTS-HD MA 5.1][h265]-FLUX.mkv,6.04,1600,Only Ali has this file,NO,N/A
Ali → Chris,Season 03,Star Trek Picard (2020) - S03E01 - Part One The Next Generation [[Trash] Release Sources (Streaming Service)_14_0 Release Sources (Streaming Service)_11_5 Release Sources (Streaming Service)_17_5 WEBDL-2160p][DTS-HD MA 5.1][h265]-FLUX.mkv,6.21,1600,Only Ali has this file,NO,N/A
Ali → Chris,Season 03,Star Trek Picard (2020) - S03E02 - Part Two Disengage [[Trash] Release Sources (Streaming Service)_14_0 Release Sources (Streaming Service)_11_5 Release Sources (Streaming Service)_17_5 WEBDL-2160p][DTS-HD MA 5.1][h265]-FLUX.mkv,5.65,1600,Only Ali has this file,NO,N/A
Ali → Chris,Season 03,Star Trek Picard (2020) - S03E09 - Part Nine Võx [[Trash] Release Sources (Streaming Service)_14_0 Release Sources (Streaming Service)_11_5 Release Sources (Streaming Service)_17_5 WEBDL-2160p][DTS-HD MA 5.1][h265]-FLUX.mkv,5.46,1600,Only Ali has this file,NO,N/A
Ali → Chris,Season 03,Star Trek Picard (2020) - S03E03 - Part Three Seventeen Seconds [[Trash] Release Sources (Streaming Service)_14_0 Release Sources (Streaming Service)_11_5 Release Sources (Streaming Service)_17_5 WEBDL-2160p][DTS-HD MA 5.1][h265]-FLUX.mkv,6.53,1600,Only Ali has this file,NO,N/A
Ali → Chris,Season 03,Star Trek Picard (2020) - S03E10 - Part Ten The Last Generation [[Trash] Release Sources (Streaming Service)_14_0 Release Sources (Streaming Service)_11_5 Release Sources (Streaming Service)_17_5 WEBDL-2160p][DTS-HD MA 5.1][h265]-FLUX.mkv,7.45,1600,Only Ali has this file,NO,N/A
Ali → Chris,Season 03,Star Trek Picard (2020) - S03E04 - Part Four No Win Scenario [[Trash] Release Sources (Streaming Service)_14_0 Release Sources (Streaming Service)_11_5 Release Sources (Streaming Service)_17_5 WEBDL-2160p][DTS-HD MA 5.1][h265]-FLUX.mkv,6.77,1600,Only Ali has this file,NO,N/A
Ali → Chris,Season 03,Star Trek Picard (2020) - S03E05 - Part Five Imposters [[Trash] Release Sources (Streaming Service)_14_0 Release Sources (Streaming Service)_11_5 Release Sources (Streaming Service)_17_5 WEBDL-2160p][DTS-HD MA 5.1][h265]-FLUX.mkv,6.33,1600,Only Ali has this file,NO,N/A
Ali → Chris,Season 03,Star Trek Picard (2020) - S03E06 - Part Six The Bounty [[Trash] Release Sources (Streaming Service)_14_0 Release Sources (Streaming Service)_11_5 Release Sources (Streaming Service)_17_5 WEBDL-2160p][DTS-HD MA 5.1][h265]-FLUX.mkv,6.12,1600,Only Ali has this file,NO,N/A
Ali → Chris,Season 03,Star Trek Picard (2020) - S03E07 - Part Seven Dominion [[Trash] Release Sources (Streaming Service)_14_0 Release Sources (Streaming Service)_11_5 Release Sources (Streaming Service)_17_5 WEBDL-2160p][DTS-HD MA 5.1][h265]-FLUX.mkv,5.36,1600,Only Ali has this file,NO,N/A
Ali → Chris,Season 03,The.Mandalorian.S03E01.Chapter.17.2160p.DSNP.WEB-DL.DDP5.1.Atmos.DV.HDR.H.265-FLUX.mkv,3.36,1850,Only Ali has this file,NO,N/A
Ali → Chris,Season 03,The.Mandalorian.S03E02.Chapter.18.2160p.DSNP.WEB-DL.DDP5.1.Atmos.DV.HDR.H.265-FLUX.mkv,3.91,1850,Only Ali has this file,NO,N/A
Ali → Chris,Season 03,The.Mandalorian.S03E03.Chapter.19.2160p.DSNP.WEB-DL.DDP5.1.Atmos.DV.HDR.H.265-FLUX.mkv,4.92,1850,Only Ali has this file,NO,N/A
Ali → Chris,Season 03,The.Mandalorian.S03E04.Chapter.20.2160p.DSNP.WEB-DL.DDP5.1.Atmos.DV.HDR.H.265-FLUX.mkv,2.83,1850,Only Ali has this file,NO,N/A
Ali → Chris,Season 03,The.Mandalorian.S03E05.Episode.5.2160p.DSNP.WEB-DL.DDP5.1.Atmos.DV.HDR.H.265-FLUX.mkv,3.78,1850,Only Ali has this file,NO,N/A
Ali → Chris,Season 03,The.Mandalorian.S03E06.Chapter.22.2160p.DSNP.WEB-DL.DDP5.1.Atmos.DV.HDR.H.265-FLUX.mkv,4.12,1850,Only Ali has this file,NO,N/A
Ali → Chris,Season 03,The.Mandalorian.S03E07.Chapter.23.2160p.DSNP.WEB-DL.DDP5.1.Atmos.DV.HDR.H.265-FLUX.mkv,4.74,1850,Only Ali has this file,NO,N/A
Ali → Chris,Season 03,The.Mandalorian.S03E08.Chapter.24.2160p.DSNP.WEB-DL.DDP5.1.Atmos.DV.HDR.H.265-FLUX.mkv,3.53,1850,Only Ali has this file,NO,N/A
Ali → Chris,Season 03,The Chosen (2019) - S03E01 - Homecoming [[Trash] Release Sources (Streaming Service)_14_0 Release Sources (Streaming Service)_11_5 Release Sources (Streaming Service)_17_5][WEBDL-2160p][EAC3 5.1][h265]-playWEB.mkv,6.40,1750,Only Ali has this file,NO,N/A
Ali → Chris,Season 03,The Chosen (2019) - S03E02 - Two by Two [[Trash] Release Sources (Streaming Service)_14_0 Release Sources (Streaming Service)_11_5 Release Sources (Streaming Service)_17_5][WEBDL-2160p][EAC3 5.1][h265]-playWEB.mkv,7.39,1750,Only Ali has this file,NO,N/A
Ali → Chris,Season 03,The Chosen (2019) - S03E03 - Physician Heal Yourself [[Trash] Release Sources (Streaming Service)_14_0 Release Sources (Streaming Service)_11_5 Release Sources (Streaming Service)_17_5][WEBDL-2160p][EAC3 5.1][h265]-playWEB.mkv,5.53,1750,Only Ali has this file,NO,N/A
Ali → Chris,Season 03,The Chosen (2019) - S03E04 - Clean 1 [[Trash] Release Sources (Streaming Service)_14_0 Release Sources (Streaming Service)_11_5 Release Sources (Streaming Service)_17_5][WEBDL-2160p][EAC3 5.1][h265]-playWEB.mkv,6.15,1750,Only Ali has this file,NO,N/A
Ali → Chris,Season 03,The Chosen (2019) - S03E05 - Clean 2 [[Trash] Release Sources (Streaming Service)_14_0 Release Sources (Streaming Service)_11_5 Release Sources (Streaming Service)_17_5][WEBDL-2160p][EAC3 5.1][h265]-playWEB.mkv,5.78,1750,Only Ali has this file,NO,N/A
Ali → Chris,Season 03,The Chosen (2019) - S03E06 - Intensity in Tent City [[Trash] Release Sources (Streaming Service)_14_0 Release Sources (Streaming Service)_11_5 Release Sources (Streaming Service)_17_5][WEBDL-2160p][EAC3 5.1][h265]-playWEB.mkv,7.57,1750,Only Ali has this file,NO,N/A
Ali → Chris,Season 03,The Chosen (2019) - S03E07 - Ears to Hear [[Trash] Release Sources (Streaming Service)_14_0 Release Sources (Streaming Service)_11_5 Release Sources (Streaming Service)_17_5][WEBDL-2160p][EAC3 5.1][h265]-playWEB.mkv,6.79,1750,Only Ali has this file,NO,N/A
Ali → Chris,Season 03,The Chosen (2019) - S03E08 - Sustenance [[Trash] Release Sources (Streaming Service)_14_0 Release Sources (Streaming Service)_11_5 Release Sources (Streaming Service)_17_5][WEBDL-2160p][EAC3 5.1][h265]-playWEB.mkv,10.52,1750,Only Ali has this file,NO,N/A
Ali → Chris,Season 01,Blue.Planet.II.S01E03.Coral.Reefs.2160p.UHD.BluRay.REMUX.HDR.HEVC.DTS-HD.MA.5.1-EPSiLON.mkv,16.27,2490,Ali has additional version (lower quality: 2490 vs 2490),NO,N/A
Ali → Chris,Season 01,Blue.Planet.II.S01E04.Big.Blue.2160p.UHD.BluRay.REMUX.HDR.HEVC.DTS-HD.MA.5.1-EPSiLON.mkv,21.05,2490,Ali has additional version (lower quality: 2490 vs 2490),NO,N/A
Ali → Chris,Season 01,Blue.Planet.II.S01E05.Green.Seas.2160p.UHD.BluRay.REMUX.HDR.HEVC.DTS-HD.MA.5.1-EPSiLON.mkv,25.38,2490,Ali has additional version (lower quality: 2490 vs 2490),NO,N/A
Ali → Chris,Season 01,Blue.Planet.II.S01E06.Coasts.2160p.UHD.BluRay.REMUX.HDR.HEVC.DTS-HD.MA.5.1-EPSiLON.mkv,21.99,2490,Ali has additional version (lower quality: 2490 vs 2490),NO,N/A
Ali → Chris,Season 01,Blue.Planet.II.S01E07.Our.Blue.Planet.2160p.UHD.BluRay.REMUX.HDR.HEVC.DTS-HD.MA.5.1-EPSiLON.mkv,24.85,2490,Ali has additional version (lower quality: 2490 vs 2490),NO,N/A
Ali → Chris,Season 01,Blue.Planet.II.S01E01.One.Ocean.2160p.UHD.BluRay.REMUX.HDR.HEVC.DTS-HD.MA.5.1-EPSiLON.mkv,16.41,2490,Ali has additional version (lower quality: 2490 vs 2490),NO,N/A
Ali → Chris,Season 01,Planet.Earth.II.S01E02.Mountains.2160p.DTS-HD.MA.5.1.HEVC.REMUX-FraMeSToR.mkv,16.28,2240,Ali has additional version (lower quality: 2240 vs 2490),NO,N/A
Ali → Chris,Season 01,Planet.Earth.II.S01E03.Jungles.2160p.DTS-HD.MA.5.1.HEVC.REMUX-FraMeSToR.mkv,16.50,2240,Ali has additional version (lower quality: 2240 vs 2490),NO,N/A
Ali → Chris,Season 01,Planet.Earth.II.S01E04.Deserts.2160p.DTS-HD.MA.5.1.HEVC.REMUX-FraMeSToR.mkv,16.16,2240,Ali has additional version (lower quality: 2240 vs 2490),NO,N/A
Ali → Chris,Season 01,Planet.Earth.II.S01E05.Grasslands.2160p.DTS-HD.MA.5.1.HEVC.REMUX-FraMeSToR.mkv,16.28,2240,Ali has additional version (lower quality: 2240 vs 2490),NO,N/A
Ali → Chris,Season 01,Planet.Earth.II.S01E06.Cities.2160p.DTS-HD.MA.5.1.HEVC.REMUX-FraMeSToR.mkv,16.18,2240,Ali has additional version (lower quality: 2240 vs 2490),NO,N/A
Ali → Chris,Season 01,Planet.Earth.II.S01E01.Islands.2160p.DTS-HD.MA.5.1.HEVC.REMUX-FraMeSToR.mkv,16.82,2240,Ali has additional version (lower quality: 2240 vs 2490),NO,N/A
Ali → Chris,Season 01,Shōgun (2024) - S01E04 - The Eightfold Fence [[Trash] Release Sources (Streaming Service)_14_3 Release Sources (Streaming Service)_11_1 Release Sources (Streaming Service)_17_1 WEBDL-2160p][DV HDR10][EAC3 5.1][h265]-FLUX.mkv,5.78,2030,Ali has additional version (lower quality: 2030 vs 2490),NO,N/A
Ali → Chris,Season 01,Shōgun (2024) - S01E05 - Broken to the Fist [[Trash] Release Sources (Streaming Service)_14_3 Release Sources (Streaming Service)_11_1 Release Sources (Streaming Service)_17_1 WEBDL-2160p][DV HDR10][EAC3 5.1][h265]-FLUX.mkv,5.89,2030,Ali has additional version (lower quality: 2030 vs 2490),NO,N/A
Ali → Chris,Season 01,Shōgun (2024) - S01E06 - Ladies of the Willow World [[Trash] Release Sources (Streaming Service)_14_3 Release Sources (Streaming Service)_11_1 Release Sources (Streaming Service)_17_1 WEBDL-2160p][DV HDR10][EAC3 5.1][h265]-FLUX.mkv,5.86,2030,Ali has additional version (lower quality: 2030 vs 2490),NO,N/A
Ali → Chris,Season 01,Shōgun (2024) - S01E07 - A Stick of Time [[Trash] Release Sources (Streaming Service)_14_3 Release Sources (Streaming Service)_11_1 Release Sources (Streaming Service)_17_1 WEBDL-2160p][DV HDR10][EAC3 5.1][h265]-FLUX.mkv,5.67,2030,Ali has additional version (lower quality: 2030 vs 2490),NO,N/A
Ali → Chris,Season 01,Shōgun (2024) - S01E10 - A Dream of a Dream [[Trash] Release Sources (Streaming Service)_14_3 Release Sources (Streaming Service)_11_1 Release Sources (Streaming Service)_17_1 WEBDL-2160p][DV HDR10][EAC3 5.1][h265]-FLUX.mkv,6.47,2030,Ali has additional version (lower quality: 2030 vs 2490),NO,N/A
Ali → Chris,Season 01,Shōgun (2024) - S01E02 - Servants of Two Masters [[Trash] Release Sources (Streaming Service)_14_3 Release Sources (Streaming Service)_11_1 Release Sources (Streaming Service)_17_1 WEBDL-2160p][DV HDR10][EAC3 5.1][h265]-FLUX.mkv,6.09,2030,Ali has additional version (lower quality: 2030 vs 2490),NO,N/A
Ali → Chris,Season 01,Shōgun (2024) - S01E01 - Anjin [[Trash] Release Sources (Streaming Service)_14_3 Release Sources (Streaming Service)_11_1 Release Sources (Streaming Service)_17_1 WEBDL-2160p][DV HDR10][EAC3 5.1][h265]-FLUX.mkv,7.02,2030,Ali has additional version (lower quality: 2030 vs 2490),NO,N/A
Ali → Chris,Season 01,Shōgun (2024) - S01E03 - Tomorrow Is Tomorrow [[Trash] Release Sources (Streaming Service)_14_3 Release Sources (Streaming Service)_11_1 Release Sources (Streaming Service)_17_1 WEBDL-2160p][DV HDR10][EAC3 5.1][h265]-FLUX.mkv,5.47,2030,Ali has additional version (lower quality: 2030 vs 2490),NO,N/A
Ali → Chris,Season 01,Shōgun (2024) - S01E08 - Abyss of Life [[Trash] Release Sources (Streaming Service)_14_3 Release Sources (Streaming Service)_11_1 Release Sources (Streaming Service)_17_1 WEBDL-2160p][DV HDR10][EAC3 5.1][h265]-FLUX.mkv,6.03,2030,Ali has additional version (lower quality: 2030 vs 2490),NO,N/A
Ali → Chris,Season 01,Shōgun (2024) - S01E09 - Crimson Sky [[Trash] Release Sources (Streaming Service)_14_3 Release Sources (Streaming Service)_11_1 Release Sources (Streaming Service)_17_1 WEBDL-2160p][DV HDR10][EAC3 5.1][h265]-FLUX.mkv,6.34,2030,Ali has additional version (lower quality: 2030 vs 2490),NO,N/A
Ali → Chris,Season 01,Masters Of The Air (2024) - S01E01 - Part One [[Trash] Release Sources (Streaming Service)_14_1 Release Sources (Streaming Service)_11_0 Release Sources (Streaming Service)_17_0 WEBDL-2160p][DV HDR10Plus][EAC3 Atmos 5.1][h265]-FLUX.mkv,10.47,2030,Ali has additional version (lower quality: 2030 vs 2490),NO,N/A
Ali → Chris,Season 01,Masters Of The Air (2024) - S01E02 - Part Two [[Trash] Release Sources (Streaming Service)_14_1 Release Sources (Streaming Service)_11_0 Release Sources (Streaming Service)_17_0 WEBDL-2160p][DV HDR10Plus][EAC3 Atmos 5.1][h265]-FLUX.mkv,9.23,2030,Ali has additional version (lower quality: 2030 vs 2490),NO,N/A
Ali → Chris,Season 01,Masters Of The Air (2024) - S01E08 - Part Eight [[Trash] Release Sources (Streaming Service)_14_1 Release Sources (Streaming Service)_11_0 Release Sources (Streaming Service)_17_0 WEBDL-2160p][DV HDR10Plus][EAC3 Atmos 5.1][h265]-FLUX.mkv,8.50,2030,Ali has additional version (lower quality: 2030 vs 2490),NO,N/A
Ali → Chris,Season 01,Masters Of The Air (2024) - S01E03 - Part Three [[Trash] Release Sources (Streaming Service)_14_1 Release Sources (Streaming Service)_11_0 Release Sources (Streaming Service)_17_0 WEBDL-2160p][DV HDR10Plus][EAC3 Atmos 5.1][h265]-FLUX.mkv,8.00,2030,Ali has additional version (lower quality: 2030 vs 2490),NO,N/A
Ali → Chris,Season 01,Masters Of The Air (2024) - S01E04 - Part Four [[Trash] Release Sources (Streaming Service)_14_1 Release Sources (Streaming Service)_11_0 Release Sources (Streaming Service)_17_0 WEBDL-2160p][DV HDR10Plus][EAC3 Atmos 5.1][h265]-FLUX.mkv,8.54,2030,Ali has additional version (lower quality: 2030 vs 2490),NO,N/A
Ali → Chris,Season 01,Masters Of The Air (2024) - S01E05 - Part Five [[Trash] Release Sources (Streaming Service)_14_1 Release Sources (Streaming Service)_11_0 Release Sources (Streaming Service)_17_0 WEBDL-2160p][DV HDR10Plus][EAC3 Atmos 5.1][h265]-FLUX.mkv,8.91,2030,Ali has additional version (lower quality: 2030 vs 2490),NO,N/A
Ali → Chris,Season 01,Masters Of The Air (2024) - S01E06 - Part Six [[Trash] Release Sources (Streaming Service)_14_1 Release Sources (Streaming Service)_11_0 Release Sources (Streaming Service)_17_0 WEBDL-2160p][DV HDR10Plus][EAC3 Atmos 5.1][h265]-FLUX.mkv,10.24,2030,Ali has additional version (lower quality: 2030 vs 2490),NO,N/A
Ali → Chris,Season 01,Masters Of The Air (2024) - S01E09 - Part Nine [[Trash] Release Sources (Streaming Service)_14_1 Release Sources (Streaming Service)_11_0 Release Sources (Streaming Service)_17_0 WEBDL-2160p][DV HDR10Plus][EAC3 Atmos 5.1][h265]-FLUX.mkv,13.09,2030,Ali has additional version (lower quality: 2030 vs 2490),NO,N/A
Ali → Chris,Season 01,Masters Of The Air (2024) - S01E07 - Part Seven [[Trash] Release Sources (Streaming Service)_14_1 Release Sources (Streaming Service)_11_0 Release Sources (Streaming Service)_17_0 WEBDL-2160p][DV HDR10Plus][EAC3 Atmos 5.1][h265]-FLUX.mkv,8.06,2030,Ali has additional version (lower quality: 2030 vs 2490),NO,N/A
Ali → Chris,Season 01,Fallout (2024) - S01E01 - The End [[Trash] Release Sources (Streaming Service)_14_0 Release Sources (Streaming Service)_11_5 Release Sources (Streaming Service)_17_5 WEBDL-2160p][DV HDR10Plus][EAC3 Atmos 5.1][h265]-FLUX.mkv,7.63,2030,Ali has additional version (lower quality: 2030 vs 2490),NO,N/A
Ali → Chris,Season 01,Fallout (2024) - S01E02 - The Target [[Trash] Release Sources (Streaming Service)_14_0 Release Sources (Streaming Service)_11_5 Release Sources (Streaming Service)_17_5 WEBDL-2160p][DV HDR10Plus][EAC3 Atmos 5.1][h265]-FLUX.mkv,6.66,2030,Ali has additional version (lower quality: 2030 vs 2490),NO,N/A
Ali → Chris,Season 01,Fallout (2024) - S01E03 - The Head [[Trash] Release Sources (Streaming Service)_14_0 Release Sources (Streaming Service)_11_5 Release Sources (Streaming Service)_17_5 WEBDL-2160p][DV HDR10Plus][EAC3 Atmos 5.1][h265]-FLUX.mkv,5.72,2030,Ali has additional version (lower quality: 2030 vs 2490),NO,N/A
Ali → Chris,Season 01,Fallout (2024) - S01E04 - The Ghouls [[Trash] Release Sources (Streaming Service)_14_0 Release Sources (Streaming Service)_11_5 Release Sources (Streaming Service)_17_5 WEBDL-2160p][DV HDR10Plus][EAC3 Atmos 5.1][h265]-FLUX.mkv,4.84,2030,Ali has additional version (lower quality: 2030 vs 2490),NO,N/A
Ali → Chris,Season 01,Fallout (2024) - S01E05 - The Past [[Trash] Release Sources (Streaming Service)_14_0 Release Sources (Streaming Service)_11_5 Release Sources (Streaming Service)_17_5 WEBDL-2160p][DV HDR10Plus][EAC3 Atmos 5.1][h265]-FLUX.mkv,4.45,2030,Ali has additional version (lower quality: 2030 vs 2490),NO,N/A
Ali → Chris,Season 01,Fallout (2024) - S01E06 - The Trap [[Trash] Release Sources (Streaming Service)_14_0 Release Sources (Streaming Service)_11_5 Release Sources (Streaming Service)_17_5 WEBDL-2160p][DV HDR10Plus][EAC3 Atmos 5.1][h265]-FLUX.mkv,6.16,2030,Ali has additional version (lower quality: 2030 vs 2490),NO,N/A
Ali → Chris,Season 01,Fallout (2024) - S01E07 - The Radio [[Trash] Release Sources (Streaming Service)_14_0 Release Sources (Streaming Service)_11_5 Release Sources (Streaming Service)_17_5 WEBDL-2160p][DV HDR10Plus][EAC3 Atmos 5.1][h265]-FLUX.mkv,6.16,2030,Ali has additional version (lower quality: 2030 vs 2490),NO,N/A
Ali → Chris,Season 01,Fallout (2024) - S01E08 - The Beginning [[Trash] Release Sources (Streaming Service)_14_0 Release Sources (Streaming Service)_11_5 Release Sources (Streaming Service)_17_5 WEBDL-2160p][DV HDR10Plus][EAC3 Atmos 5.1][h265]-FLUX.mkv,6.30,2030,Ali has additional version (lower quality: 2030 vs 2490),NO,N/A
Ali → Chris,Season 01,Star Trek Strange New Worlds (2022) - S01E01 - Strange New Worlds [PMTP PMTP PMTP WEBDL-2160p][DV][EAC3 5.1][h265].mkv,5.32,1900,Ali has additional version (lower quality: 1900 vs 2490),NO,N/A
Ali → Chris,Season 01,Star Trek Strange New Worlds (2022) - S01E02 - Children of the Comet [PMTP PMTP PMTP WEBDL-2160p][DV][EAC3 5.1][h265].mkv,5.21,1900,Ali has additional version (lower quality: 1900 vs 2490),NO,N/A
Ali → Chris,Season 01,Star Trek Strange New Worlds (2022) - S01E03 - Ghosts of Illyria [PMTP PMTP PMTP WEBDL-2160p][DV][EAC3 5.1][h265].mkv,4.49,1900,Ali has additional version (lower quality: 1900 vs 2490),NO,N/A
Ali → Chris,Season 01,Star Trek Strange New Worlds (2022) - S01E04 - Memento Mori [PMTP PMTP PMTP WEBDL-2160p][DV][EAC3 5.1][h265].mkv,5.31,1900,Ali has additional version (lower quality: 1900 vs 2490),NO,N/A
Ali → Chris,Season 01,Star Trek Strange New Worlds (2022) - S01E05 - Spock Amok [PMTP PMTP PMTP WEBDL-2160p][DV][EAC3 5.1][h265].mkv,5.11,1900,Ali has additional version (lower quality: 1900 vs 2490),NO,N/A
Ali → Chris,Season 01,Star Trek Strange New Worlds (2022) - S01E06 - Lift Us Where Suffering Cannot Reach [PMTP PMTP PMTP WEBDL-2160p][DV][EAC3 5.1][h265].mkv,4.99,1900,Ali has additional version (lower quality: 1900 vs 2490),NO,N/A
Ali → Chris,Season 01,Star Trek Strange New Worlds (2022) - S01E07 - The Serene Squall [PMTP PMTP PMTP WEBDL-2160p][DV][EAC3 5.1][h265].mkv,4.92,1900,Ali has additional version (lower quality: 1900 vs 2490),NO,N/A
Ali → Chris,Season 01,Star Trek Strange New Worlds (2022) - S01E08 - The Elysian Kingdom [PMTP PMTP PMTP WEBDL-2160p][DV][EAC3 5.1][h265].mkv,5.30,1900,Ali has additional version (lower quality: 1900 vs 2490),NO,N/A
Ali → Chris,Season 01,Star Trek Strange New Worlds (2022) - S01E09 - All Those Who Wander [PMTP PMTP PMTP WEBDL-2160p][DV][EAC3 5.1][h265].mkv,5.21,1900,Ali has additional version (lower quality: 1900 vs 2490),NO,N/A
Ali → Chris,Season 01,Star Trek Strange New Worlds (2022) - S01E10 - A Quality of Mercy [PMTP PMTP PMTP WEBDL-2160p][DV][EAC3 5.1][h265].mkv,6.21,1900,Ali has additional version (lower quality: 1900 vs 2490),NO,N/A
Ali → Chris,Season 01,The.Lord.Of.The.Rings-The.Rings.Of.Power.2022.S01E01.2160p.AMZN.WEB-DL.Hybrid.HDR10.DV.HEVC.DDPA5.1.English-HONE.mkv,8.60,1850,Ali has additional version (lower quality: 1850 vs 2490),NO,N/A
Ali → Chris,Season 01,The.Lord.Of.The.Rings-The.Rings.Of.Power.2022.S01E02.2160p.AMZN.WEB-DL.Hybrid.HDR10.DV.HEVC.DDPA5.1.English-HONE.mkv,8.98,1850,Ali has additional version (lower quality: 1850 vs 2490),NO,N/A
Ali → Chris,Season 01,The.Lord.Of.The.Rings-The.Rings.Of.Power.2022.S01E03.2160p.AMZN.WEB-DL.Hybrid.HDR10.DV.HEVC.DDPA5.1.English-HONE.mkv,9.33,1850,Ali has additional version (lower quality: 1850 vs 2490),NO,N/A
Ali → Chris,Season 01,The.Lord.Of.The.Rings-The.Rings.Of.Power.2022.S01E04.2160p.AMZN.WEB-DL.Hybrid.HDR10.DV.HEVC.DDPA5.1.English-HONE.mkv,9.67,1850,Ali has additional version (lower quality: 1850 vs 2490),NO,N/A
Ali → Chris,Season 01,The.Lord.Of.The.Rings-The.Rings.Of.Power.2022.S01E05.2160p.AMZN.WEB-DL.Hybrid.HDR10.DV.HEVC.DDPA5.1.English-HONE.mkv,9.73,1850,Ali has additional version (lower quality: 1850 vs 2490),NO,N/A
Ali → Chris,Season 01,The.Lord.Of.The.Rings-The.Rings.Of.Power.2022.S01E06.2160p.AMZN.WEB-DL.Hybrid.HDR10.DV.HEVC.DDPA5.1.English-HONE.mkv,9.33,1850,Ali has additional version (lower quality: 1850 vs 2490),NO,N/A
Ali → Chris,Season 01,The.Lord.Of.The.Rings-The.Rings.Of.Power.2022.S01E08.2160p.AMZN.WEB-DL.Hybrid.HDR10.DV.HEVC.DDPA5.1.English-HONE.mkv,9.77,1850,Ali has additional version (lower quality: 1850 vs 2490),NO,N/A
Ali → Chris,Season 01,The.Lord.Of.The.Rings-The.Rings.Of.Power.2022.S01E07.2160p.AMZN.WEB-DL.Hybrid.HDR10.DV.HEVC.DDPA5.1.English-HONE.mkv,9.74,1850,Ali has additional version (lower quality: 1850 vs 2490),NO,N/A
Ali → Chris,Season 01,Life.on.Our.Planet.S01E01.Chapter.1.The.Rules.of.Life.2160p.NF.WEB-DL.DDP5.1.Atmos.DV.HDR.H.265-FLUX.mkv,5.29,1850,Ali has additional version (lower quality: 1850 vs 2490),NO,N/A
Ali → Chris,Season 01,Life.on.Our.Planet.S01E02.Chapter.2.The.First.Frontier.2160p.NF.WEB-DL.DDP5.1.Atmos.DV.HDR.H.265-FLUX.mkv,7.17,1850,Ali has additional version (lower quality: 1850 vs 2490),NO,N/A
Ali → Chris,Season 01,Life.on.Our.Planet.S01E03.Chapter.3.Invaders.of.the.Land.2160p.NF.WEB-DL.DDP5.1.Atmos.DV.HDR.H.265-FLUX.mkv,8.00,1850,Ali has additional version (lower quality: 1850 vs 2490),NO,N/A
Ali → Chris,Season 01,Life.on.Our.Planet.S01E04.Chapter.4.In.Cold.Blood.2160p.NF.WEB-DL.DDP5.1.Atmos.DV.HDR.H.265-FLUX.mkv,7.16,1850,Ali has additional version (lower quality: 1850 vs 2490),NO,N/A
Ali → Chris,Season 01,Life.on.Our.Planet.S01E05.Chapter.5.In.the.Shadow.of.Giants.2160p.NF.WEB-DL.DDP5.1.Atmos.DV.HDR.H.265-FLUX.mkv,6.61,1850,Ali has additional version (lower quality: 1850 vs 2490),NO,N/A
Ali → Chris,Season 01,Life.on.Our.Planet.S01E06.Chapter.6.Out.of.the.Ashes.2160p.NF.WEB-DL.DDP5.1.Atmos.DV.HDR.H.265-FLUX.mkv,7.11,1850,Ali has additional version (lower quality: 1850 vs 2490),NO,N/A
Ali → Chris,Season 01,Life.on.Our.Planet.S01E07.Chapter.7.Inheriting.the.Earth.2160p.NF.WEB-DL.DDP5.1.Atmos.DV.HDR.H.265-FLUX.mkv,7.10,1850,Ali has additional version (lower quality: 1850 vs 2490),NO,N/A
Ali → Chris,Season 01,Life.on.Our.Planet.S01E08.Chapter.8.Age.of.Ice.and.Fire.2160p.NF.WEB-DL.DDP5.1.Atmos.DV.HDR.H.265-FLUX.mkv,6.21,1850,Ali has additional version (lower quality: 1850 vs 2490),NO,N/A
Ali → Chris,Season 01,House.of.the.Dragon.S01E01.The.Heirs.of.the.Dragon.2160p.HMAX.WEB-DL.DDP5.1.Atmos.DV.HDR.H.265-CRFW.mkv,8.32,1850,Ali has additional version (lower quality: 1850 vs 2490),NO,N/A
Ali → Chris,Season 01,House.of.the.Dragon.S01E02.The.Rogue.Prince.2160p.HMAX.WEB-DL.DDP5.1.Atmos.DV.HDR.H.265-CRFW.mkv,6.97,1850,Ali has additional version (lower quality: 1850 vs 2490),NO,N/A
Ali → Chris,Season 01,House.of.the.Dragon.S01E03.Second.of.His.Name.2160p.HMAX.WEB-DL.DDP5.1.Atmos.DV.HDR.H.265-CRFW.mkv,8.20,1850,Ali has additional version (lower quality: 1850 vs 2490),NO,N/A
Ali → Chris,Season 01,House.of.the.Dragon.S01E04.King.of.the.Narrow.Sea.2160p.HMAX.WEB-DL.DDP5.1.Atmos.DV.HDR.H.265-CRFW.mkv,8.09,1850,Ali has additional version (lower quality: 1850 vs 2490),NO,N/A
Ali → Chris,Season 01,House.of.the.Dragon.S01E05.We.Light.the.Way.2160p.HMAX.WEB-DL.DDP5.1.Atmos.DV.HDR.H.265-CRFW.mkv,7.77,1850,Ali has additional version (lower quality: 1850 vs 2490),NO,N/A
Ali → Chris,Season 01,House.of.the.Dragon.S01E06.The.Princess.and.the.Queen.2160p.HMAX.WEB-DL.DDP5.1.Atmos.DV.HDR.H.265-CRFW.mkv,8.81,1850,Ali has additional version (lower quality: 1850 vs 2490),NO,N/A
Ali → Chris,Season 01,House.of.the.Dragon.S01E07.Driftmark.2160p.HMAX.WEB-DL.DDP5.1.Atmos.DV.HDR.H.265-CRFW.mkv,7.56,1850,Ali has additional version (lower quality: 1850 vs 2490),NO,N/A
Ali → Chris,Season 01,House.of.the.Dragon.S01E08.The.Lord.of.the.Tides.2160p.HMAX.WEB-DL.DDP5.1.Atmos.DV.HDR.H.265-CRFW.mkv,8.83,1850,Ali has additional version (lower quality: 1850 vs 2490),NO,N/A
Ali → Chris,Season 01,House.of.the.Dragon.S01E09.The.Green.Council.2160p.HMAX.WEB-DL.DDP5.1.Atmos.DV.HDR.H.265-CRFW.mkv,7.55,1850,Ali has additional version (lower quality: 1850 vs 2490),NO,N/A
Ali → Chris,Season 01,House.of.the.Dragon.S01E10.The.Black.Queen.2160p.HMAX.WEB-DL.DDP5.1.Atmos.DV.HDR.H.265-CRFW.mkv,7.63,1850,Ali has additional version (lower quality: 1850 vs 2490),NO,N/A
Ali → Chris,Season 01,Band of Brothers (2001) - S01E01 - Currahee [Bluray-2160p][DTS-HD MA 5.1][HEVC]-R.mkv,21.28,1800,Ali has additional version (lower quality: 1800 vs 2490),NO,N/A
Ali → Chris,Season 01,Band of Brothers (2001) - S01E02 - Day of Days [Bluray-2160p][DTS-HD MA 5.1][HEVC]-R.mkv,15.25,1800,Ali has additional version (lower quality: 1800 vs 2490),NO,N/A
Ali → Chris,Season 01,Band of Brothers (2001) - S01E03 - Carentan [Bluray-2160p][DTS-HD MA 5.1][HEVC]-R.mkv,19.19,1800,Ali has additional version (lower quality: 1800 vs 2490),NO,N/A
Ali → Chris,Season 01,Band of Brothers (2001) - S01E04 - Replacements [Bluray-2160p][DTS-HD MA 5.1][HEVC]-R.mkv,17.47,1800,Ali has additional version (lower quality: 1800 vs 2490),NO,N/A
Ali → Chris,Season 01,Band of Brothers (2001) - S01E05 - Crossroads [Bluray-2160p][DTS-HD MA 5.1][HEVC]-R.mkv,16.33,1800,Ali has additional version (lower quality: 1800 vs 2490),NO,N/A
Ali → Chris,Season 01,Band of Brothers (2001) - S01E06 - Bastogne [Bluray-2160p][DTS-HD MA 5.1][HEVC]-R.mkv,19.71,1800,Ali has additional version (lower quality: 1800 vs 2490),NO,N/A
Ali → Chris,Season 01,Band of Brothers (2001) - S01E07 - The Breaking Point [Bluray-2160p][DTS-HD MA 5.1][HEVC]-R.mkv,21.54,1800,Ali has additional version (lower quality: 1800 vs 2490),NO,N/A
Ali → Chris,Season 01,Band of Brothers (2001) - S01E08 - The Last Patrol [Bluray-2160p][DTS-HD MA 5.1][HEVC]-R.mkv,17.35,1800,Ali has additional version (lower quality: 1800 vs 2490),NO,N/A
Ali → Chris,Season 01,Band of Brothers (2001) - S01E09 - Why We Fight [Bluray-2160p][DTS-HD MA 5.1][HEVC]-R.mkv,16.98,1800,Ali has additional version (lower quality: 1800 vs 2490),NO,N/A
Ali → Chris,Season 01,Band of Brothers (2001) - S01E10 - Points [Bluray-2160p][DTS-HD MA 5.1][HEVC]-R.mkv,18.40,1800,Ali has additional version (lower quality: 1800 vs 2490),NO,N/A
Ali → Chris,Season 01,Planet Earth III (2023) - S01E01 - Coasts [WEBDL-2160p][HLG][AAC 2.0][HEVC]-NTb.mkv,7.77,1780,Ali has additional version (lower quality: 1780 vs 2490),NO,N/A
Ali → Chris,Season 01,Planet Earth III (2023) - S01E02 - Ocean [WEBDL-2160p][HLG][AAC 2.0][HEVC]-NTb.mkv,7.72,1780,Ali has additional version (lower quality: 1780 vs 2490),NO,N/A
Ali → Chris,Season 01,Planet Earth III (2023) - S01E03 - Deserts and Grasslands [WEBDL-2160p][HLG][AAC 2.0][HEVC]-NTb.mkv,7.64,1780,Ali has additional version (lower quality: 1780 vs 2490),NO,N/A
Ali → Chris,Season 01,Planet Earth III (2023) - S01E04 - Freshwater [WEBDL-2160p][HLG][AAC 2.0][HEVC]-NTb.mkv,7.68,1780,Ali has additional version (lower quality: 1780 vs 2490),NO,N/A
Ali → Chris,Season 01,Planet Earth III (2023) - S01E05 - Forests [WEBDL-2160p][HLG][AAC 2.0][HEVC]-NTb.mkv,7.51,1780,Ali has additional version (lower quality: 1780 vs 2490),NO,N/A
Ali → Chris,Season 01,Planet Earth III (2023) - S01E06 - Extremes [WEBDL-2160p][HLG][AAC 2.0][HEVC]-NTb.mkv,7.60,1780,Ali has additional version (lower quality: 1780 vs 2490),NO,N/A
Ali → Chris,Season 01,Planet Earth III (2023) - S01E07 - Human [WEBDL-2160p][HLG][AAC 2.0][HEVC]-NTb.mkv,7.58,1780,Ali has additional version (lower quality: 1780 vs 2490),NO,N/A
Ali → Chris,Season 01,Planet Earth III (2023) - S01E08 - Heroes [WEBDL-2160p][HLG][AAC 2.0][HEVC]-NTb.mkv,7.61,1780,Ali has additional version (lower quality: 1780 vs 2490),NO,N/A
Ali → Chris,Season 01,The Chosen (2019) - S01E01 - I Have Called You by Name [[Trash] Release Sources (Streaming Service)_14_0 Release Sources (Streaming Service)_11_5 Release Sources (Streaming Service)_17_5][WEBDL-2160p][EAC3 5.1][h265]-playWEB.mkv,5.70,1750,Ali has additional version (lower quality: 1750 vs 2490),NO,N/A
Ali → Chris,Season 01,The Chosen (2019) - S01E02 - Shabbat [[Trash] Release Sources (Streaming Service)_14_0 Release Sources (Streaming Service)_11_5 Release Sources (Streaming Service)_17_5][WEBDL-2160p][EAC3 5.1][h265]-playWEB.mkv,4.05,1750,Ali has additional version (lower quality: 1750 vs 2490),NO,N/A
Ali → Chris,Season 01,The Chosen (2019) - S01E03 - Jesus Loves the Little Children [[Trash] Release Sources (Streaming Service)_14_0 Release Sources (Streaming Service)_11_5 Release Sources (Streaming Service)_17_5][WEBDL-2160p][EAC3 5.1][h265]-playWEB.mkv,3.14,1750,Ali has additional version (lower quality: 1750 vs 2490),NO,N/A
Ali → Chris,Season 01,The Chosen (2019) - S01E04 - The Rock on Which It Is Built [[Trash] Release Sources (Streaming Service)_14_0 Release Sources (Streaming Service)_11_5 Release Sources (Streaming Service)_17_5][WEBDL-2160p][EAC3 5.1][h265]-playWEB.mkv,5.15,1750,Ali has additional version (lower quality: 1750 vs 2490),NO,N/A
Ali → Chris,Season 01,The Chosen (2019) - S01E05 - The Wedding Gift [[Trash] Release Sources (Streaming Service)_14_0 Release Sources (Streaming Service)_11_5 Release Sources (Streaming Service)_17_5][WEBDL-2160p][EAC3 5.1][h265]-playWEB.mkv,5.78,1750,Ali has additional version (lower quality: 1750 vs 2490),NO,N/A
Ali → Chris,Season 01,The Chosen (2019) - S01E06 - Indescribable Compassion [[Trash] Release Sources (Streaming Service)_14_0 Release Sources (Streaming Service)_11_5 Release Sources (Streaming Service)_17_5][WEBDL-2160p][EAC3 5.1][h265]-playWEB.mkv,5.48,1750,Ali has additional version (lower quality: 1750 vs 2490),NO,N/A
Ali → Chris,Season 01,The Chosen (2019) - S01E07 - Invitations [[Trash] Release Sources (Streaming Service)_14_0 Release Sources (Streaming Service)_11_5 Release Sources (Streaming Service)_17_5][WEBDL-2160p][EAC3 5.1][h265]-playWEB.mkv,3.88,1750,Ali has additional version (lower quality: 1750 vs 2490),NO,N/A
Ali → Chris,Season 01,The Chosen (2019) - S01E08 - I Am He [[Trash] Release Sources (Streaming Service)_14_0 Release Sources (Streaming Service)_11_5 Release Sources (Streaming Service)_17_5][WEBDL-2160p][EAC3 5.1][h265]-playWEB.mkv,6.30,1750,Ali has additional version (lower quality: 1750 vs 2490),NO,N/A
Ali → Chris,Season 02,The Lord of the Rings The Rings of Power (2022) - S02E01 - Elv... [[Trash] Release Sources (Streaming Service)_14_0 Release Sources (Streaming Service)_11_5 Release Sources (Streaming Service)_17_5 WEBDL-2160p][DV HDR10Plus][EAC3 Atmos 5.1][h265]-HONE.mkv,10.20,2030,"Ali's version is higher quality (score: 2030 vs 1850, diff: +180)",YES,Star.Trek.Strange.New.Worlds.S02E01.The.Broken.Circle.2160p.PMTP.WEB-DL.DDP5.1.DV.HDR.H.265-FLUX.mkv
Ali → Chris,Season 1,The.Mandalorian.S01E01.Chapter.1.The.Mandalorian.2160p.DSNP.WEB-DL.DDP.5.1.Atmos.DoVi.HDR.HEVC-SiC.mkv,4.63,1850,"Ali's version is higher quality (score: 1850 vs 1600, diff: +250)",YES,The.Boys.S01E01.The.Name.Of.The.Game.2160p.AMZN.WEBRip.DDP5.1.x264-NTb.mkv
Ali → Chris,Season 01,Blue.Planet.II.S01E02.The.Deep.2160p.UHD.BluRay.REMUX.HDR.HEVC.DTS-HD.MA.5.1-EPSiLON.mkv,17.07,2490,"Ali's version is higher quality (score: 2490 vs 2030, diff: +460)",YES,Masters Of The Air (2024) - S01E01 - Part One [[Trash] Release Sources (Streaming Service)_14_1 Release Sources (Streaming Service)_11_0 Release Sources (Streaming Service)_17_0 WEBDL-2160p][DV HDR10Plus][EAC3 Atmos 5.1][h265]-FLUX.mkv
Chris → Ali,Season 02,Star.Trek.Strange.New.Worlds.S02E02.Ad.Astra.per.Aspera.2160p.PMTP.WEB-DL.DDP5.1.DV.HDR.H.265-FLUX.mkv,5.59,1850,Chris has additional version (lower quality: 1850 vs 1850),NO,N/A
Chris → Ali,Season 02,Star.Trek.Strange.New.Worlds.S02E03.Tomorrow.and.Tomorrow.and.Tomorrow.2160p.PMTP.WEB-DL.DDP5.1.DV.HDR.H.265-FLUX.mkv,5.96,1850,Chris has additional version (lower quality: 1850 vs 1850),NO,N/A
Chris → Ali,Season 02,Star.Trek.Strange.New.Worlds.S02E04.Among.the.Lotus.Eaters.2160p.PMTP.WEB-DL.DDP5.1.DV.HDR.H.265-FLUX.mkv,5.73,1850,Chris has additional version (lower quality: 1850 vs 1850),NO,N/A
Chris → Ali,Season 02,Star.Trek.Strange.New.Worlds.S02E05.Charades.REPACK.2160p.PMTP.WEB-DL.DDP5.1.DV.HDR.H.265-FLUX.mkv,5.96,1850,Chris has additional version (lower quality: 1850 vs 1850),NO,N/A
Chris → Ali,Season 02,Star.Trek.Strange.New.Worlds.S02E06.Lost.in.Translation.2160p.PMTP.WEB-DL.DDP5.1.DV.HDR.H.265-FLUX.mkv,5.33,1850,Chris has additional version (lower quality: 1850 vs 1850),NO,N/A
Chris → Ali,Season 02,Star.Trek.Strange.New.Worlds.S02E07.Those.Old.Scientists.2160p.PMTP.WEB-DL.DDP5.1.DV.HDR.H.265-FLUX.mkv,4.73,1850,Chris has additional version (lower quality: 1850 vs 1850),NO,N/A
Chris → Ali,Season 02,Star.Trek.Strange.New.Worlds.S02E08.Under.the.Cloak.of.War.2160p.PMTP.WEB-DL.DDP5.1.DV.HDR.H.265-FLUX.mkv,4.86,1850,Chris has additional version (lower quality: 1850 vs 1850),NO,N/A
Chris → Ali,Season 02,Star.Trek.Strange.New.Worlds.S02E09.Subspace.Rhapsody.2160p.PMTP.WEB-DL.DDP5.1.DV.HDR.H.265-FLUX.mkv,6.19,1850,Chris has additional version (lower quality: 1850 vs 1850),NO,N/A
Chris → Ali,Season 02,Star.Trek.Strange.New.Worlds.S02E10.Hegemony.2160p.PMTP.WEB-DL.DDP5.1.DV.HDR.H.265-FLUX.mkv,5.25,1850,Chris has additional version (lower quality: 1850 vs 1850),NO,N/A
Chris → Ali,Season 02,The Boys (2019) S02E01 (2160p AMZN WEB-DL H265 HDR10+ DDP 5.1 English - HONE).mkv,6.71,1800,Chris has additional version (lower quality: 1800 vs 1850),NO,N/A
Chris → Ali,Season 02,The Boys (2019) S02E02 (2160p AMZN WEB-DL H265 HDR10+ DDP 5.1 English - HONE).mkv,6.33,1800,Chris has additional version (lower quality: 1800 vs 1850),NO,N/A
Chris → Ali,Season 02,The Boys (2019) S02E03 (2160p AMZN WEB-DL H265 HDR10+ DDP 5.1 English - HONE).mkv,6.23,1800,Chris has additional version (lower quality: 1800 vs 1850),NO,N/A
Chris → Ali,Season 02,The Boys (2019) S02E04 (2160p AMZN WEB-DL H265 HDR10+ DDP 5.1 English - HONE).mkv,7.28,1800,Chris has additional version (lower quality: 1800 vs 1850),NO,N/A
Chris → Ali,Season 02,The Boys (2019) S02E05 (2160p AMZN WEB-DL H265 HDR10+ DDP 5.1 English - HONE).mkv,6.47,1800,Chris has additional version (lower quality: 1800 vs 1850),NO,N/A
Chris → Ali,Season 02,The Boys (2019) S02E06 (2160p AMZN WEB-DL H265 HDR10+ DDP 5.1 English - HONE).mkv,6.95,1800,Chris has additional version (lower quality: 1800 vs 1850),NO,N/A
Chris → Ali,Season 02,The Boys (2019) S02E07 (2160p AMZN WEB-DL H265 HDR10+ DDP 5.1 English - HONE).mkv,5.78,1800,Chris has additional version (lower quality: 1800 vs 1850),NO,N/A
Chris → Ali,Season 02,The Boys (2019) S02E08 (2160p AMZN WEB-DL H265 HDR10+ DDP 5.1 English - HONE).mkv,7.19,1800,Chris has additional version (lower quality: 1800 vs 1850),NO,N/A
Chris → Ali,Season 04,The Boys (2019) - S04E02 - Life Among the Septics [[Trash] Release Sources (Streaming Service)_14_0 Release Sources (Streaming Service)_11_5 Release Sources (Streaming Service)_17_5 WEBDL-2160p][HDR10Plus][EAC3 5.1][h265]-FLUX.mkv,8.16,1850,Chris has additional version (lower quality: 1850 vs 1850),NO,N/A
Chris → Ali,Season 04,The Boys (2019) - S04E03 - We'll Keep the Red Flag Flying [[Trash] Release Sources (Streaming Service)_14_0 Release Sources (Streaming Service)_11_5 Release Sources (Streaming Service)_17_5 WEBDL-2160p][HDR10Plus][EAC3 5.1][h265]-FLUX.mkv,6.04,1850,Chris has additional version (lower quality: 1850 vs 1850),NO,N/A
Chris → Ali,Season 04,The Boys (2019) - S04E04 - Wisdom of the Ages [[Trash] Release Sources (Streaming Service)_14_0 Release Sources (Streaming Service)_11_5 Release Sources (Streaming Service)_17_5 WEBDL-2160p][HDR10Plus][EAC3 5.1][h265]-FLUX.mkv,6.68,1850,Chris has additional version (lower quality: 1850 vs 1850),NO,N/A
Chris → Ali,Season 04,The Boys (2019) - S04E05 - Beware the Jabberwock My Son [[Trash] Release Sources (Streaming Service)_14_0 Release Sources (Streaming Service)_11_5 Release Sources (Streaming Service)_17_5 WEBDL-2160p][HDR10Plus][EAC3 5.1][h265]-FLUX.mkv,6.87,1850,Chris has additional version (lower quality: 1850 vs 1850),NO,N/A
Chris → Ali,Season 04,The Boys (2019) - S04E06 - Dirty Business [[Trash] Release Sources (Streaming Service)_14_0 Release Sources (Streaming Service)_11_5 Release Sources (Streaming Service)_17_5 WEBDL-2160p][HDR10Plus][EAC3 5.1][h265]-FLUX.mkv,6.57,1850,Chris has additional version (lower quality: 1850 vs 1850),NO,N/A
Chris → Ali,Season 04,The Boys (2019) - S04E07 - The Insider [[Trash] Release Sources (Streaming Service)_14_0 Release Sources (Streaming Service)_11_5 Release Sources (Streaming Service)_17_5 WEBDL-2160p][HDR10Plus][EAC3 5.1][h265]-FLUX.mkv,6.54,1850,Chris has additional version (lower quality: 1850 vs 1850),NO,N/A
Chris → Ali,Season 04,The Boys (2019) - S04E08 - Assassination Run [[Trash] Release Sources (Streaming Service)_14_0 Release Sources (Streaming Service)_11_5 Release Sources (Streaming Service)_17_5 WEBDL-2160p][HDR10Plus][EAC3 5.1][h265]-XEBEC.mkv,6.89,1850,Chris has additional version (lower quality: 1850 vs 1850),NO,N/A
Chris → Ali,Season 1,The.Boys.S01E02.Cherry.2160p.AMZN.WEBRip.DDP5.1.x264-NTb.mkv,12.48,1600,Chris has additional version (lower quality: 1600 vs 1600),NO,N/A
Chris → Ali,Season 1,The.Boys.S01E03.Get.Some.2160p.AMZN.WEBRip.DDP5.1.x264-NTb.mkv,11.76,1600,Chris has additional version (lower quality: 1600 vs 1600),NO,N/A
Chris → Ali,Season 1,The.Boys.S01E04.The.Female.Of.The.Species.2160p.AMZN.WEBRip.DDP5.1.x264-NTb.mkv,12.98,1600,Chris has additional version (lower quality: 1600 vs 1600),NO,N/A
Chris → Ali,Season 1,The.Boys.S01E05.Good.For.The.Soul.2160p.AMZN.WEBRip.DDP5.1.x264-NTb.mkv,12.73,1600,Chris has additional version (lower quality: 1600 vs 1600),NO,N/A
Chris → Ali,Season 1,The.Boys.S01E06.The.Innocents.2160p.AMZN.WEBRip.DDP5.1.x264-NTb.mkv,12.67,1600,Chris has additional version (lower quality: 1600 vs 1600),NO,N/A
Chris → Ali,Season 1,The.Boys.S01E07.The.Self-Preservation.Society.2160p.AMZN.WEBRip.DDP5.1.x264-NTb.mkv,11.52,1600,Chris has additional version (lower quality: 1600 vs 1600),NO,N/A
Chris → Ali,Season 1,The.Boys.S01E08.You.Found.Me.2160p.AMZN.WEBRip.DDP5.1.x264-NTb.mkv,14.10,1600,Chris has additional version (lower quality: 1600 vs 1600),NO,N/A
Chris → Ali,Season 3,The.Boys.S03E02.The.Only.Man.In.The.Sky.2160p.AMZN.WEB-DL.DDP5.1.HDR.H.265-FLUX.mkv,6.18,1950,Chris has additional version (lower quality: 1950 vs 1950),NO,N/A
Chris → Ali,Season 3,The.Boys.S03E03.Barbary.Coast.2160p.AMZN.WEB-DL.DDP5.1.HDR.H.265-FLUX.mkv,6.33,1950,Chris has additional version (lower quality: 1950 vs 1950),NO,N/A
Chris → Ali,Season 3,The.Boys.S03E04.Glorious.Five.Year.Plan.2160p.AMZN.WEB-DL.DDP5.1.HDR.H.265-FLUX.mkv,6.36,1950,Chris has additional version (lower quality: 1950 vs 1950),NO,N/A
Chris → Ali,Season 3,The.Boys.S03E05.The.Last.Time.To.Look.On.This.World.Of.Lies.2160p.AMZN.WEB-DL.DDP5.1.HDR.H.265-FLUX.mkv,6.33,1950,Chris has additional version (lower quality: 1950 vs 1950),NO,N/A
Chris → Ali,Season 3,The.Boys.S03E06.Herogasm.2160p.AMZN.WEB-DL.DDP5.1.HDR.H.265-FLUX.mkv,6.26,1950,Chris has additional version (lower quality: 1950 vs 1950),NO,N/A
Chris → Ali,Season 3,The.Boys.S03E07.Here.Comes.a.Candle.to.Light.You.to.Bed.2160p.AMZN.WEB-DL.DDP5.1.HDR.H.265.FLUX.mkv,6.72,1950,Chris has additional version (lower quality: 1950 vs 1950),NO,N/A
Chris → Ali,Season 3,The.Boys.S03E08.The.Instant.White-Hot.Wild.2160p.AMZN.WEB-DL.DDP5.1.HDR.H.265-FLUX.mkv,6.42,1950,Chris has additional version (lower quality: 1950 vs 1950),NO,N/A
Chris → Ali,Season 01,Masters Of The Air (2024) - S01E02 - Part Two [[Trash] Release Sources (Streaming Service)_14_1 Release Sources (Streaming Service)_11_0 Release Sources (Streaming Service)_17_0 WEBDL-2160p][DV HDR10Plus][EAC3 Atmos 5.1][h265]-FLUX.mkv,9.23,2030,Chris has additional version (lower quality: 2030 vs 2030),NO,N/A
Chris → Ali,Season 01,Masters Of The Air (2024) - S01E03 - Part Three [[Trash] Release Sources (Streaming Service)_14_1 Release Sources (Streaming Service)_11_0 Release Sources (Streaming Service)_17_0 WEBDL-2160p][DV HDR10Plus][EAC3 Atmos 5.1][h265]-FLUX.mkv,8.00,2030,Chris has additional version (lower quality: 2030 vs 2030),NO,N/A
Chris → Ali,Season 01,Masters Of The Air (2024) - S01E04 - Part Four [[Trash] Release Sources (Streaming Service)_14_1 Release Sources (Streaming Service)_11_0 Release Sources (Streaming Service)_17_0 WEBDL-2160p][DV HDR10Plus][EAC3 Atmos 5.1][h265]-FLUX.mkv,8.54,2030,Chris has additional version (lower quality: 2030 vs 2030),NO,N/A
Chris → Ali,Season 01,Masters Of The Air (2024) - S01E05 - Part Five [[Trash] Release Sources (Streaming Service)_14_1 Release Sources (Streaming Service)_11_0 Release Sources (Streaming Service)_17_0 WEBDL-2160p][DV HDR10Plus][EAC3 Atmos 5.1][h265]-FLUX.mkv,8.91,2030,Chris has additional version (lower quality: 2030 vs 2030),NO,N/A
Chris → Ali,Season 01,Masters Of The Air (2024) - S01E06 - Part Six [[Trash] Release Sources (Streaming Service)_14_1 Release Sources (Streaming Service)_11_0 Release Sources (Streaming Service)_17_0 WEBDL-2160p][DV HDR10Plus][EAC3 Atmos 5.1][h265]-FLUX.mkv,10.24,2030,Chris has additional version (lower quality: 2030 vs 2030),NO,N/A
Chris → Ali,Season 01,Masters Of The Air (2024) - S01E07 - Part Seven [[Trash] Release Sources (Streaming Service)_14_1 Release Sources (Streaming Service)_11_0 Release Sources (Streaming Service)_17_0 WEBDL-2160p][DV HDR10Plus][EAC3 Atmos 5.1][h265]-FLUX.mkv,8.06,2030,Chris has additional version (lower quality: 2030 vs 2030),NO,N/A
Chris → Ali,Season 01,Masters Of The Air (2024) - S01E08 - Part Eight [[Trash] Release Sources (Streaming Service)_14_1 Release Sources (Streaming Service)_11_0 Release Sources (Streaming Service)_17_0 WEBDL-2160p][DV HDR10Plus][EAC3 Atmos 5.1][h265]-FLUX.mkv,8.50,2030,Chris has additional version (lower quality: 2030 vs 2030),NO,N/A
Chris → Ali,Season 01,Masters Of The Air (2024) - S01E09 - Part Nine [[Trash] Release Sources (Streaming Service)_14_1 Release Sources (Streaming Service)_11_0 Release Sources (Streaming Service)_17_0 WEBDL-2160p][DV HDR10Plus][EAC3 Atmos 5.1][h265]-FLUX.mkv,13.09,2030,Chris has additional version (lower quality: 2030 vs 2030),NO,N/A
Chris → Ali,Season 01,Star Trek Strange New Worlds (2022) - S01E01 - Strange New Worlds [PMTP PMTP PMTP WEBDL-2160p][DV][EAC3 5.1][h265].mkv,5.32,1900,Chris has additional version (lower quality: 1900 vs 2030),NO,N/A
Chris → Ali,Season 01,Star Trek Strange New Worlds (2022) - S01E02 - Children of the Comet [PMTP PMTP PMTP WEBDL-2160p][DV][EAC3 5.1][h265].mkv,5.21,1900,Chris has additional version (lower quality: 1900 vs 2030),NO,N/A
Chris → Ali,Season 01,Star Trek Strange New Worlds (2022) - S01E03 - Ghosts of Illyria [PMTP PMTP PMTP WEBDL-2160p][DV][EAC3 5.1][h265].mkv,4.49,1900,Chris has additional version (lower quality: 1900 vs 2030),NO,N/A
Chris → Ali,Season 01,Star Trek Strange New Worlds (2022) - S01E04 - Memento Mori [PMTP PMTP PMTP WEBDL-2160p][DV][EAC3 5.1][h265].mkv,5.31,1900,Chris has additional version (lower quality: 1900 vs 2030),NO,N/A
Chris → Ali,Season 01,Star Trek Strange New Worlds (2022) - S01E05 - Spock Amok [PMTP PMTP PMTP WEBDL-2160p][DV][EAC3 5.1][h265].mkv,5.11,1900,Chris has additional version (lower quality: 1900 vs 2030),NO,N/A
Chris → Ali,Season 01,Star Trek Strange New Worlds (2022) - S01E06 - Lift Us Where Suffering Cannot Reach [PMTP PMTP PMTP WEBDL-2160p][DV][EAC3 5.1][h265].mkv,4.99,1900,Chris has additional version (lower quality: 1900 vs 2030),NO,N/A
Chris → Ali,Season 01,Star Trek Strange New Worlds (2022) - S01E07 - The Serene Squall [PMTP PMTP PMTP WEBDL-2160p][DV][EAC3 5.1][h265].mkv,4.92,1900,Chris has additional version (lower quality: 1900 vs 2030),NO,N/A
Chris → Ali,Season 01,Star Trek Strange New Worlds (2022) - S01E08 - The Elysian Kingdom [PMTP PMTP PMTP WEBDL-2160p][DV][EAC3 5.1][h265].mkv,5.30,1900,Chris has additional version (lower quality: 1900 vs 2030),NO,N/A
Chris → Ali,Season 01,Star Trek Strange New Worlds (2022) - S01E09 - All Those Who Wander [PMTP PMTP PMTP WEBDL-2160p][DV][EAC3 5.1][h265].mkv,5.21,1900,Chris has additional version (lower quality: 1900 vs 2030),NO,N/A
Chris → Ali,Season 01,Star Trek Strange New Worlds (2022) - S01E10 - A Quality of Mercy [PMTP PMTP PMTP WEBDL-2160p][DV][EAC3 5.1][h265].mkv,6.21,1900,Chris has additional version (lower quality: 1900 vs 2030),NO,N/A
Chris → Ali,Season 01,The.Lord.Of.The.Rings-The.Rings.Of.Power.2022.S01E01.2160p.AMZN.WEB-DL.Hybrid.HDR10.DV.HEVC.DDPA5.1.English-HONE.mkv,8.60,1850,Chris has additional version (lower quality: 1850 vs 2030),NO,N/A
Chris → Ali,Season 01,The.Lord.Of.The.Rings-The.Rings.Of.Power.2022.S01E02.2160p.AMZN.WEB-DL.Hybrid.HDR10.DV.HEVC.DDPA5.1.English-HONE.mkv,8.98,1850,Chris has additional version (lower quality: 1850 vs 2030),NO,N/A
Chris → Ali,Season 01,The.Lord.Of.The.Rings-The.Rings.Of.Power.2022.S01E03.2160p.AMZN.WEB-DL.Hybrid.HDR10.DV.HEVC.DDPA5.1.English-HONE.mkv,9.33,1850,Chris has additional version (lower quality: 1850 vs 2030),NO,N/A
Chris → Ali,Season 01,The.Lord.Of.The.Rings-The.Rings.Of.Power.2022.S01E04.2160p.AMZN.WEB-DL.Hybrid.HDR10.DV.HEVC.DDPA5.1.English-HONE.mkv,9.67,1850,Chris has additional version (lower quality: 1850 vs 2030),NO,N/A
Chris → Ali,Season 01,The.Lord.Of.The.Rings-The.Rings.Of.Power.2022.S01E05.2160p.AMZN.WEB-DL.Hybrid.HDR10.DV.HEVC.DDPA5.1.English-HONE.mkv,9.73,1850,Chris has additional version (lower quality: 1850 vs 2030),NO,N/A
Chris → Ali,Season 01,The.Lord.Of.The.Rings-The.Rings.Of.Power.2022.S01E06.2160p.AMZN.WEB-DL.Hybrid.HDR10.DV.HEVC.DDPA5.1.English-HONE.mkv,9.33,1850,Chris has additional version (lower quality: 1850 vs 2030),NO,N/A
Chris → Ali,Season 01,The.Lord.Of.The.Rings-The.Rings.Of.Power.2022.S01E07.2160p.AMZN.WEB-DL.Hybrid.HDR10.DV.HEVC.DDPA5.1.English-HONE.mkv,9.74,1850,Chris has additional version (lower quality: 1850 vs 2030),NO,N/A
Chris → Ali,Season 01,The.Lord.Of.The.Rings-The.Rings.Of.Power.2022.S01E08.2160p.AMZN.WEB-DL.Hybrid.HDR10.DV.HEVC.DDPA5.1.English-HONE.mkv,9.77,1850,Chris has additional version (lower quality: 1850 vs 2030),NO,N/A
Chris → Ali,Season 01,Band of Brothers (2001) - S01E01 - Currahee [Bluray-2160p][DTS-HD MA 5.1][HEVC]-R.mkv,0.00,1800,Chris has additional version (lower quality: 1800 vs 2030),NO,N/A
Chris → Ali,Season 01,Band of Brothers (2001) - S01E01 - Currahee [Bluray-2160p][DTS-HD MA 5.1][HEVC]-R.mkv,21.28,1800,Chris has additional version (lower quality: 1800 vs 2030),NO,N/A
Chris → Ali,Season 01,Band of Brothers (2001) - S01E02 - Day of Days [Bluray-2160p][DTS-HD MA 5.1][HEVC]-R.mkv,15.25,1800,Chris has additional version (lower quality: 1800 vs 2030),NO,N/A
Chris → Ali,Season 01,Band of Brothers (2001) - S01E03 - Carentan [Bluray-2160p][DTS-HD MA 5.1][HEVC]-R.mkv,19.19,1800,Chris has additional version (lower quality: 1800 vs 2030),NO,N/A
Chris → Ali,Season 01,Band of Brothers (2001) - S01E04 - Replacements [Bluray-2160p][DTS-HD MA 5.1][HEVC]-R.mkv,17.47,1800,Chris has additional version (lower quality: 1800 vs 2030),NO,N/A
Chris → Ali,Season 01,Band of Brothers (2001) - S01E05 - Crossroads [Bluray-2160p][DTS-HD MA 5.1][HEVC]-R.mkv,16.33,1800,Chris has additional version (lower quality: 1800 vs 2030),NO,N/A
Chris → Ali,Season 01,Band of Brothers (2001) - S01E06 - Bastogne [Bluray-2160p][DTS-HD MA 5.1][HEVC]-R.mkv,19.71,1800,Chris has additional version (lower quality: 1800 vs 2030),NO,N/A
Chris → Ali,Season 01,Band of Brothers (2001) - S01E07 - The Breaking Point [Bluray-2160p][DTS-HD MA 5.1][HEVC]-R.mkv,21.54,1800,Chris has additional version (lower quality: 1800 vs 2030),NO,N/A
Chris → Ali,Season 01,Band of Brothers (2001) - S01E08 - The Last Patrol [Bluray-2160p][DTS-HD MA 5.1][HEVC]-R.mkv,17.35,1800,Chris has additional version (lower quality: 1800 vs 2030),NO,N/A
Chris → Ali,Season 01,Band of Brothers (2001) - S01E09 - Why We Fight [Bluray-2160p][DTS-HD MA 5.1][HEVC]-R.mkv,16.98,1800,Chris has additional version (lower quality: 1800 vs 2030),NO,N/A
Chris → Ali,Season 01,Band of Brothers (2001) - S01E10 - Points [Bluray-2160p][DTS-HD MA 5.1][HEVC]-R.mkv,18.40,1800,Chris has additional version (lower quality: 1800 vs 2030),NO,N/A
