title,filename,path,size_bytes,size_gb,resolution,width,height,video_codec,audio_codec,hdr,source,group,duration_minutes,bitrate_mbps
Guardians of the Galaxy Vol. 2 (2017),Guardians of the Galaxy Vol. 2 (2017) {imdb-tt3896198} [Bluray-2160p][DV HDR10][TrueHD Atmos 7.1][x265]-SPHD.mkv,/mnt/media/4K Movies/Guardians of the Galaxy Vol. 2 (2017)/Guardians of the Galaxy Vol. 2 (2017) {imdb-tt3896198} [Bluray-2160p][DV HDR10][TrueHD Atmos 7.1][x265]-SPHD.mkv,38209102158,35.58,2160p,3840,1604,H.265,TrueHD,DV HDR10,BluRay,,135.8,37.52
Dunkirk (2017),Dunkirk (2017) {imdb-tt5013056} [Bluray-2160p][DV HDR10][DTS-HD MA 5.1][x265]-W4NK3R.mkv,/mnt/media/4K Movies/Dunkirk (2017)/Dunkirk (2017) {imdb-tt5013056} [Bluray-2160p][DV HDR10][DTS-HD MA 5.1][x265]-W4NK3R.mkv,21458316651,19.98,2160p,3840,2160,H.265,DTS-HD,DV HDR10,BluRay,,106.6,26.83
Indiana Jones and the Temple of Doom (1984),Indiana Jones and the Temple of Doom (1984) {imdb-tt0087469} [Bluray-2160p][DV HDR10][TrueHD Atmos 7.1][x265]-W4NK3R.mkv,/mnt/media/4K Movies/Indiana Jones and the Temple of Doom (1984)/Indiana Jones and the Temple of Doom (1984) {imdb-tt0087469} [Bluray-2160p][DV HDR10][TrueHD Atmos 7.1][x265]-W4NK3R.mkv,42585442314,39.66,2160p,3840,1632,H.265,TrueHD,DV HDR10,BluRay,,118.4,47.94
Gladiator (2000),Gladiator (2000) {imdb-tt0172495} {edition-Extended Cut} [Remux-2160p][DV HDR10][DTS-X 7.1][HEVC]-FraMeSToR.mkv,/mnt/media/4K Movies/Gladiator (2000)/Gladiator (2000) {imdb-tt0172495} {edition-Extended Cut} [Remux-2160p][DV HDR10][DTS-X 7.1][HEVC]-FraMeSToR.mkv,74542741249,69.42,2160p,3840,2160,H.265,DTS:X,DV HDR10,Remux,,171.0,58.14
Gladiator (2000),Gladiator.2000.Extended.UHD.BluRay.2160p.DTS-X.7.1.HEVC.REMUX-FraMeSToR.mkv,/mnt/media/4K Movies/Gladiator (2000)/Gladiator.2000.Extended.UHD.BluRay.2160p.DTS-X.7.1.HEVC.REMUX-FraMeSToR.mkv,61270644150,57.06,2160p,3840,2160,H.265,DTS:X,,Remux,,170.9,47.79
Braveheart (1995),Braveheart (1995) {imdb-tt0112573} [Bluray-2160p][DV HDR10][TrueHD Atmos 7.1][x265]-MainFrame.mkv,/mnt/media/4K Movies/Braveheart (1995)/Braveheart (1995) {imdb-tt0112573} [Bluray-2160p][DV HDR10][TrueHD Atmos 7.1][x265]-MainFrame.mkv,68747347634,64.03,2160p,3840,1632,H.265,TrueHD,DV HDR10,BluRay,,177.7,51.57
Star Trek Into Darkness (2013),Star Trek Into Darkness (2013) {imdb-tt1408101} {edition-Imax} [Hybrid][Remux-2160p][DV HDR10][TrueHD Atmos 7.1][HEVC]-Flights.mkv,/mnt/media/4K Movies/Star Trek Into Darkness (2013)/Star Trek Into Darkness (2013) {imdb-tt1408101} {edition-Imax} [Hybrid][Remux-2160p][DV HDR10][TrueHD Atmos 7.1][HEVC]-Flights.mkv,53441394136,49.77,2160p,3840,2160,H.265,TrueHD,DV HDR10,Remux,,132.1,53.94
Terminator 2 Judgment Day (1991),Terminator 2 Judgment Day (1991) {imdb-tt0103064} {edition-Theatrical Cut} [Remux-2160p][PQ][DTS-HD MA 5.1][HEVC]-FraMeSToR.mkv,/mnt/media/4K Movies/Terminator 2 Judgment Day (1991)/Terminator 2 Judgment Day (1991) {imdb-tt0103064} {edition-Theatrical Cut} [Remux-2160p][PQ][DTS-HD MA 5.1][HEVC]-FraMeSToR.mkv,52621989422,49.01,2160p,3840,2160,H.265,DTS-HD,,Remux,,137.4,51.07
Terminator 2 Judgment Day (1991),Terminator 2 Judgment Day 1991 Remastered Theatrical Cut GER 2160p UHD Blu-ray Remux HEVC DTS-HD MA 5.1 - BluDragon.mkv,/mnt/media/4K Movies/Terminator 2 Judgment Day (1991)/Terminator 2 Judgment Day 1991 Remastered Theatrical Cut GER 2160p UHD Blu-ray Remux HEVC DTS-HD MA 5.1 - BluDragon.mkv,52570884962,48.96,2160p,3840,2160,H.265,DTS-HD,,Remux,,137.1,51.11
The Wizard of Oz (1939),The Wizard of Oz (1939) {imdb-tt0032138} [Remux-2160p][DV HDR10Plus][DTS-HD MA 5.1][HEVC]-FraMeSToR.mkv,/mnt/media/4K Movies/The Wizard of Oz (1939)/The Wizard of Oz (1939) {imdb-tt0032138} [Remux-2160p][DV HDR10Plus][DTS-HD MA 5.1][HEVC]-FraMeSToR.mkv,52060629211,48.49,2160p,3840,2160,H.265,DTS-HD,DV HDR10,Remux,,101.8,68.22
Ghostbusters (1984),Ghostbusters (1984) {imdb-tt0087332} - [Remux-2160p Proper][TrueHD Atmos 7.1][DV HDR10][HEVC]-BLURANiUM.mkv,/mnt/media/4K Movies/Ghostbusters (1984)/Ghostbusters (1984) {imdb-tt0087332} - [Remux-2160p Proper][TrueHD Atmos 7.1][DV HDR10][HEVC]-BLURANiUM.mkv,70039333456,65.23,2160p,3840,2160,H.265,TrueHD,DV HDR10,Remux,,105.1,88.82
Ghostbusters (1984),Ghostbusters.1984.2160p.UHD.BluRay.REMUX.HDR.HEVC.Atmos-EPSiLON.mkv,/mnt/media/4K Movies/Ghostbusters (1984)/Ghostbusters.1984.2160p.UHD.BluRay.REMUX.HDR.HEVC.Atmos-EPSiLON.mkv,51038356876,47.53,2160p,3840,2160,H.265,,HDR,Remux,,105.1,64.73
Life of Pi (2012),Life.Of.Pi.2012.UHD.BluRay.2160p.DTS-HD.MA.7.1.HEVC.REMUX-FraMeSToR.mkv,/mnt/media/4K Movies/Life of Pi (2012)/Life.Of.Pi.2012.UHD.BluRay.2160p.DTS-HD.MA.7.1.HEVC.REMUX-FraMeSToR.mkv,50102116470,46.66,2160p,3840,2160,H.265,DTS-HD MA,,Remux,,134.6,49.65
Joker (2019),Joker (2019) {imdb-tt7286456} [Bluray-2160p][HDR10][TrueHD Atmos 7.1][x265]-MgB.mkv,/mnt/media/4K Movies/Joker (2019)/Joker (2019) {imdb-tt7286456} [Bluray-2160p][HDR10][TrueHD Atmos 7.1][x265]-MgB.mkv,23432157203,21.82,2160p,3840,2076,H.265,TrueHD,HDR10,BluRay,,121.8,25.65
Apollo 13 (1995),Apollo.13.1995.UHD.BluRay.2160p.DTS-X.7.1.HEVC.REMUX-FraMeSToR-Scrambled.mkv,/mnt/media/4K Movies/Apollo 13 (1995)/Apollo.13.1995.UHD.BluRay.2160p.DTS-X.7.1.HEVC.REMUX-FraMeSToR-Scrambled.mkv,47378662184,44.12,2160p,3840,2160,H.265,DTS:X,,Remux,,140.3,45.01
Star Trek (2009),Star Trek (2009) {imdb-tt0796366} [Bluray-2160p][HDR10][TrueHD Atmos 7.1][x265]-CtrlHD.mkv,/mnt/media/4K Movies/Star Trek (2009)/Star Trek (2009) {imdb-tt0796366} [Bluray-2160p][HDR10][TrueHD Atmos 7.1][x265]-CtrlHD.mkv,46569446105,43.37,2160p,3840,1600,H.265,TrueHD,HDR10,BluRay,,126.8,48.95
Hacksaw Ridge (2016),Hacksaw Ridge (2016) {imdb-tt2119532} [Bluray-2160p][DV HDR10][TrueHD Atmos 7.1][x265]-MainFrame.mkv,/mnt/media/4K Movies/Hacksaw Ridge (2016)/Hacksaw Ridge (2016) {imdb-tt2119532} [Bluray-2160p][DV HDR10][TrueHD Atmos 7.1][x265]-MainFrame.mkv,29643803153,27.61,2160p,3840,1612,H.265,TrueHD,DV HDR10,BluRay,,139.3,28.37
Iron Man 3 (2013),Iron Man 3 (2013) {imdb-tt1300854} [Bluray-2160p][DV HDR10][TrueHD Atmos 7.1][x265]-MainFrame.mkv,/mnt/media/4K Movies/Iron Man 3 (2013)/Iron Man 3 (2013) {imdb-tt1300854} [Bluray-2160p][DV HDR10][TrueHD Atmos 7.1][x265]-MainFrame.mkv,20136198908,18.75,2160p,3840,1600,H.265,TrueHD,DV HDR10,BluRay,,130.5,20.57
Guardians of the Galaxy (2014),Guardians of the Galaxy (2014) {imdb-tt2015381} [Bluray-2160p][DV HDR10][TrueHD Atmos 7.1][x265]-SPHD.mkv,/mnt/media/4K Movies/Guardians of the Galaxy (2014)/Guardians of the Galaxy (2014) {imdb-tt2015381} [Bluray-2160p][DV HDR10][TrueHD Atmos 7.1][x265]-SPHD.mkv,24168388098,22.51,2160p,3840,1600,H.265,TrueHD,DV HDR10,BluRay,,120.8,26.67
Mortal Kombat (2021),Mortal Kombat (2021) {imdb-tt0293429} - [Bluray-2160p][TrueHD Atmos 7.1][HDR10][x265]-HQMUX.mkv,/mnt/media/4K Movies/Mortal Kombat (2021)/Mortal Kombat (2021) {imdb-tt0293429} - [Bluray-2160p][TrueHD Atmos 7.1][HDR10][x265]-HQMUX.mkv,35584287696,33.14,2160p,3840,1608,H.265,TrueHD,HDR10,BluRay,,110.1,43.11
Batman Begins (2005),Batman Begins (2005) {imdb-tt0372784} [Hybrid][Remux-2160p][DV HDR10][DTS-HD MA 5.1][HEVC]-FraMeSToR.mkv,/mnt/media/4K Movies/Batman Begins (2005)/Batman Begins (2005) {imdb-tt0372784} [Hybrid][Remux-2160p][DV HDR10][DTS-HD MA 5.1][HEVC]-FraMeSToR.mkv,60651782016,56.49,2160p,3840,2160,H.265,DTS-HD,DV HDR10,Remux,,140.1,57.74
Saving Private Ryan (1998),Saving Private Ryan (1998) {imdb-tt0120815} [Bluray-2160p][HDR10][TrueHD Atmos 7.1][x265]-HQMUX.mkv,/mnt/media/4K Movies/Saving Private Ryan (1998)/Saving Private Ryan (1998) {imdb-tt0120815} [Bluray-2160p][HDR10][TrueHD Atmos 7.1][x265]-HQMUX.mkv,45747566259,42.61,2160p,3840,2160,H.265,TrueHD,HDR10,BluRay,,169.4,36.0
The Spy Who Loved Me (1977),The.Spy.Who.Loved.Me.1977.INTERNAL.2160p.WEB.H265-DEFLATE.mkv,/mnt/media/4K Movies/The Spy Who Loved Me (1977)/The.Spy.Who.Loved.Me.1977.INTERNAL.2160p.WEB.H265-DEFLATE.mkv,18698866016,17.41,2160p,3840,1634,H.265,,,,,125.7,19.83
Coco (2017),Coco (2017) {imdb-tt2380307} [Hybrid][Remux-2160p][DV HDR10][TrueHD Atmos 7.1][HEVC]-FraMeSToR.mkv,/mnt/media/4K Movies/Coco (2017)/Coco (2017) {imdb-tt2380307} [Hybrid][Remux-2160p][DV HDR10][TrueHD Atmos 7.1][HEVC]-FraMeSToR.mkv,43564378059,40.57,2160p,3840,2160,H.265,TrueHD,DV HDR10,Remux,,105.0,55.3
Raiders of the Lost Ark (1981),Raiders of the Lost Ark (1981) {imdb-tt0082971} [Bluray-2160p][DV HDR10][TrueHD Atmos 7.1][x265]-W4NK3R.mkv,/mnt/media/4K Movies/Raiders of the Lost Ark (1981)/Raiders of the Lost Ark (1981) {imdb-tt0082971} [Bluray-2160p][DV HDR10][TrueHD Atmos 7.1][x265]-W4NK3R.mkv,39627021282,36.91,2160p,3840,1632,H.265,TrueHD,DV HDR10,BluRay,,115.3,45.82
Black Widow (2021),Black Widow (2021) {imdb-tt3480822} [Bluray-2160p Proper][DV HDR10][TrueHD Atmos 7.1][x265]-W4NK3R.mkv,/mnt/media/4K Movies/Black Widow (2021)/Black Widow (2021) {imdb-tt3480822} [Bluray-2160p Proper][DV HDR10][TrueHD Atmos 7.1][x265]-W4NK3R.mkv,28985005738,26.99,2160p,3840,1608,H.265,TrueHD,DV HDR10,BluRay,,133.8,28.89
The Matrix Revolutions (2003),The.Matrix.Revolutions.2003.2160p.UHD.BluRay.TrueHD.7.1.DV.x265-W4NK3R.mkv,/mnt/media/4K Movies/The Matrix Revolutions (2003)/The.Matrix.Revolutions.2003.2160p.UHD.BluRay.TrueHD.7.1.DV.x265-W4NK3R.mkv,41180964383,38.35,2160p,3840,1600,H.265,TrueHD,DV,BluRay,,129.3,42.48
The Batman (2022),The Batman (2022) {imdb-tt1877830} [Bluray-2160p][DV HDR10Plus][TrueHD Atmos 7.1][x265]-MainFrame.mkv,/mnt/media/4K Movies/The Batman (2022)/The Batman (2022) {imdb-tt1877830} [Bluray-2160p][DV HDR10Plus][TrueHD Atmos 7.1][x265]-MainFrame.mkv,38435873424,35.8,2160p,3840,1608,H.265,TrueHD,DV HDR10,BluRay,,176.2,29.09
The Lord of the Rings The Fellowship of the Ring (2001),The.Lord.of.the.Rings.The.Fellowship.of.the.Ring.2001.Extended.UHD.BluRay.2160p.TrueHD.Atmos.7.1.DV.HEVC.REMUX-FraMeSToR.mkv,/mnt/media/4K Movies/The Lord of the Rings The Fellowship of the Ring (2001)/The.Lord.of.the.Rings.The.Fellowship.of.the.Ring.2001.Extended.UHD.BluRay.2160p.TrueHD.Atmos.7.1.DV.HEVC.REMUX-FraMeSToR.mkv,126023154932,117.37,2160p,3840,2160,H.265,TrueHD Atmos,DV,Remux,,228.2,73.63
The Lord of the Rings The Two Towers (2002),The.Lord.of.the.Rings.The.Two.Towers.2002.Extended.UHD.BluRay.2160p.TrueHD.Atmos.7.1.DV.HEVC.REMUX-FraMeSToR.mkv,/mnt/media/4K Movies/The Lord of the Rings The Two Towers (2002)/The.Lord.of.the.Rings.The.Two.Towers.2002.Extended.UHD.BluRay.2160p.TrueHD.Atmos.7.1.DV.HEVC.REMUX-FraMeSToR.mkv,120576935820,112.3,2160p,3840,2160,H.265,TrueHD Atmos,DV,Remux,,235.4,68.29
Lawrence of Arabia (1962),Lawrence.of.Arabia.1962.UHD.BluRay.2160p.TrueHD.Atmos.7.1.HEVC.REMUX-FraMeSToR.mkv,/mnt/media/4K Movies/Lawrence of Arabia (1962)/Lawrence.of.Arabia.1962.UHD.BluRay.2160p.TrueHD.Atmos.7.1.HEVC.REMUX-FraMeSToR.mkv,101519466348,94.55,2160p,3840,2160,H.265,TrueHD Atmos,,Remux,,227.0,59.62
The Hobbit The Desolation of Smaug (2013),The.Hobbit.The.Desolation.of.Smaug.2013.Extended.Cut.UHD.BluRay.2160p.TrueHD.Atmos.7.1.DV.HEVC.REMUX-FraMeSToR.mkv,/mnt/media/4K Movies/The Hobbit The Desolation of Smaug (2013)/The.Hobbit.The.Desolation.of.Smaug.2013.Extended.Cut.UHD.BluRay.2160p.TrueHD.Atmos.7.1.DV.HEVC.REMUX-FraMeSToR.mkv,84661155918,78.85,2160p,3840,2160,H.265,TrueHD Atmos,DV,Remux,,186.6,60.5
John Wick Chapter 2 (2017),John Wick Chapter 2 (2017) {imdb-tt4425200} [Bluray-2160p][DV HDR10][TrueHD Atmos 7.1][x265]-SPHD.mkv,/mnt/media/4K Movies/John Wick Chapter 2 (2017)/John Wick Chapter 2 (2017) {imdb-tt4425200} [Bluray-2160p][DV HDR10][TrueHD Atmos 7.1][x265]-SPHD.mkv,37670413860,35.08,2160p,3840,1600,H.265,TrueHD,DV HDR10,BluRay,,122.4,41.04
The Dark Knight Rises (2012),The Dark Knight Rises (2012) {imdb-tt1345836} [Hybrid][Remux-2160p][DV HDR10][DTS-HD MA 5.1][HEVC]-FraMeSToR.mkv,/mnt/media/4K Movies/The Dark Knight Rises (2012)/The Dark Knight Rises (2012) {imdb-tt1345836} [Hybrid][Remux-2160p][DV HDR10][DTS-HD MA 5.1][HEVC]-FraMeSToR.mkv,75143310155,69.98,2160p,3840,2160,H.265,DTS-HD,DV HDR10,Remux,,164.5,60.89
Jaws (1975),Jaws (1975) {imdb-tt0073195} [Bluray-2160p][HDR10][TrueHD Atmos 7.1][x265]-HQMUX.mkv,/mnt/media/4K Movies/Jaws (1975)/Jaws (1975) {imdb-tt0073195} [Bluray-2160p][HDR10][TrueHD Atmos 7.1][x265]-HQMUX.mkv,40565884457,37.78,2160p,3840,1632,H.265,TrueHD,HDR10,BluRay,,123.9,43.64
V for Vendetta (2005),V for Vendetta (2006) {imdb-tt0434409} - [Hybrid][Remux-2160p][TrueHD Atmos 7.1][DV HDR10][HEVC]-FraMeSToR.mkv,/mnt/media/4K Movies/V for Vendetta (2005)/V for Vendetta (2006) {imdb-tt0434409} - [Hybrid][Remux-2160p][TrueHD Atmos 7.1][DV HDR10][HEVC]-FraMeSToR.mkv,70879699668,66.01,2160p,3840,2160,H.265,TrueHD,DV HDR10,Remux,,132.6,71.29
Rocketman (2019),Rocketman (2019) {imdb-tt2066051} [Bluray-2160p][DV HDR10][EAC3 7.1][x265]-HONE.mkv,/mnt/media/4K Movies/Rocketman (2019)/Rocketman (2019) {imdb-tt2066051} [Bluray-2160p][DV HDR10][EAC3 7.1][x265]-HONE.mkv,16498003158,15.36,2160p,3840,1604,H.265,DD+,DV HDR10,BluRay,,121.3,18.14
Inception (2010),Inception (2010) {imdb-tt1375666} [Bluray-2160p][DV HDR10][DTS-HD MA 5.1][x265]-MainFrame.mkv,/mnt/media/4K Movies/Inception (2010)/Inception (2010) {imdb-tt1375666} [Bluray-2160p][DV HDR10][DTS-HD MA 5.1][x265]-MainFrame.mkv,37933674703,35.33,2160p,3840,1600,H.265,DTS-HD,DV HDR10,BluRay,,148.1,34.14
Indiana Jones and the Kingdom of the Crystal Skull (2008),Indiana Jones and the Kingdom of the Crystal Skull (2008) {imdb-tt0367882} [Bluray-2160p][DV HDR10][TrueHD Atmos 7.1][x265]-W4NK3R.mkv,/mnt/media/4K Movies/Indiana Jones and the Kingdom of the Crystal Skull (2008)/Indiana Jones and the Kingdom of the Crystal Skull (2008) {imdb-tt0367882} [Bluray-2160p][DV HDR10][TrueHD Atmos 7.1][x265]-W4NK3R.mkv,35294505750,32.87,2160p,3840,1604,H.265,TrueHD,DV HDR10,BluRay,,122.5,38.42
The Northman (2022),The Northman (2022) {imdb-tt11138512} [Bluray-2160p][DV HDR10][TrueHD Atmos 7.1][x265]-SPHD.mkv,/mnt/media/4K Movies/The Northman (2022)/The Northman (2022) {imdb-tt11138512} [Bluray-2160p][DV HDR10][TrueHD Atmos 7.1][x265]-SPHD.mkv,43193089895,40.23,2160p,3840,1920,H.265,TrueHD,DV HDR10,BluRay,,136.9,42.07
Red Sparrow (2018),Red Sparrow (2018) {imdb-tt2873282} [Bluray-2160p][DV HDR10][TrueHD Atmos 7.1][x265]-MainFrame.mkv,/mnt/media/4K Movies/Red Sparrow (2018)/Red Sparrow (2018) {imdb-tt2873282} [Bluray-2160p][DV HDR10][TrueHD Atmos 7.1][x265]-MainFrame.mkv,22618511602,21.07,2160p,3840,1600,H.265,TrueHD,DV HDR10,BluRay,,140.2,21.5
Forrest Gump (1994),Forrest Gump (1994) {imdb-tt0109830} [Bluray-2160p Proper][DV HDR10][TrueHD Atmos 7.1][x265]-W4NK3R.mkv,/mnt/media/4K Movies/Forrest Gump (1994)/Forrest Gump (1994) {imdb-tt0109830} [Bluray-2160p Proper][DV HDR10][TrueHD Atmos 7.1][x265]-W4NK3R.mkv,53760534887,50.07,2160p,3840,1604,H.265,TrueHD,DV HDR10,BluRay,,142.1,50.43
Jurassic Park (1993),Jurassic Park (1993) {imdb-tt0107290} [Bluray-2160p][DV HDR10][TrueHD Atmos 7.1][x265]-HiDt.mkv,/mnt/media/4K Movies/Jurassic Park (1993)/Jurassic Park (1993) {imdb-tt0107290} [Bluray-2160p][DV HDR10][TrueHD Atmos 7.1][x265]-HiDt.mkv,45609385774,42.48,2160p,3840,2076,H.265,TrueHD,DV HDR10,BluRay,,126.5,48.08
Star Trek IV The Voyage Home (1986),Star Trek IV The Voyage Home (1986) {imdb-tt0092007} [Bluray-2160p Proper][DV HDR10][EAC3 7.1][x265]-hallowed.mkv,/mnt/media/4K Movies/Star Trek IV The Voyage Home (1986)/Star Trek IV The Voyage Home (1986) {imdb-tt0092007} [Bluray-2160p Proper][DV HDR10][EAC3 7.1][x265]-hallowed.mkv,16834258858,15.68,2160p,3840,1632,H.265,DD+,DV HDR10,BluRay,,118.9,18.89
The Lost World Jurassic Park (1997),The Lost World Jurassic Park (1997) {imdb-tt0119567} [Bluray-2160p][DV HDR10][TrueHD Atmos 7.1][x265]-HiDt.mkv,/mnt/media/4K Movies/The Lost World Jurassic Park (1997)/The Lost World Jurassic Park (1997) {imdb-tt0119567} [Bluray-2160p][DV HDR10][TrueHD Atmos 7.1][x265]-HiDt.mkv,35422366818,32.99,2160p,3840,2076,H.265,TrueHD,DV HDR10,BluRay,,128.7,36.71
The Hunt for Red October (1990),The Hunt for Red October (1990) {imdb-tt0099810} [Bluray-2160p][DV HDR10][TrueHD 5.1][x265]-W4NK3R.mkv,/mnt/media/4K Movies/The Hunt for Red October (1990)/The Hunt for Red October (1990) {imdb-tt0099810} [Bluray-2160p][DV HDR10][TrueHD 5.1][x265]-W4NK3R.mkv,36940278530,34.4,2160p,3840,1632,H.265,TrueHD,DV HDR10,BluRay,,135.1,36.45
The Martian (2015),The Martian (2015) {imdb-tt3659388} {edition-Extended Cut} [Bluray-2160p][HDR10][TrueHD Atmos 7.1][x265]-CtrlHD.mkv,/mnt/media/4K Movies/The Martian (2015)/The Martian (2015) {imdb-tt3659388} {edition-Extended Cut} [Bluray-2160p][HDR10][TrueHD Atmos 7.1][x265]-CtrlHD.mkv,36010792184,33.54,2160p,3840,1600,H.265,TrueHD,HDR10,BluRay,,151.4,31.72
The Hunger Games (2012),The Hunger Games (2012) {imdb-tt1392170} [Bluray-2160p][DV HDR10][TrueHD Atmos 7.1][x265]-MainFrame.mkv,/mnt/media/4K Movies/The Hunger Games (2012)/The Hunger Games (2012) {imdb-tt1392170} [Bluray-2160p][DV HDR10][TrueHD Atmos 7.1][x265]-MainFrame.mkv,39079846422,36.4,2160p,3840,1604,H.265,TrueHD,DV HDR10,BluRay,,143.0,36.44
The Predator (2018),The Predator (2018) {imdb-tt3829266} [Hybrid][Remux-2160p][DV HDR10][TrueHD Atmos 7.1][HEVC]-FraMeSToR.mkv,/mnt/media/4K Movies/The Predator (2018)/The Predator (2018) {imdb-tt3829266} [Hybrid][Remux-2160p][DV HDR10][TrueHD Atmos 7.1][HEVC]-FraMeSToR.mkv,52158095787,48.58,2160p,3840,2160,H.265,TrueHD,DV HDR10,Remux,,107.0,65.02
The Fifth Element (1997),The Fifth Element (1997) {imdb-tt0119116} [Bluray-2160p][DV HDR10][TrueHD Atmos 7.1][x265]-W4NK3R.mkv,/mnt/media/4K Movies/The Fifth Element (1997)/The Fifth Element (1997) {imdb-tt0119116} [Bluray-2160p][DV HDR10][TrueHD Atmos 7.1][x265]-W4NK3R.mkv,60818460405,56.64,2160p,3840,1604,H.265,TrueHD,DV HDR10,BluRay,,126.5,64.11
Army of the Dead (2021),Army of the Dead (2021) {imdb-tt0993840} [NF][WEBDL-2160p][DV HDR10][EAC3 Atmos 5.1][HEVC]-SiC.mkv,/mnt/media/4K Movies/Army of the Dead (2021)/Army of the Dead (2021) {imdb-tt0993840} [NF][WEBDL-2160p][DV HDR10][EAC3 Atmos 5.1][HEVC]-SiC.mkv,17232547210,16.05,2160p,3840,2160,H.265,DD+,DV HDR10,WEB-DL,,148.4,15.49
Captain America The Winter Soldier (2014),Captain America The Winter Soldier (2014) {imdb-tt1843866} [Bluray-2160p][HDR10][TrueHD Atmos 7.1][x265]-W4NK3R.mkv,/mnt/media/4K Movies/Captain America The Winter Soldier (2014)/Captain America The Winter Soldier (2014) {imdb-tt1843866} [Bluray-2160p][HDR10][TrueHD Atmos 7.1][x265]-W4NK3R.mkv,26601071205,24.77,2160p,3840,1600,H.265,TrueHD,HDR10,BluRay,,135.9,26.1
Top Gun Maverick (2022),Top Gun Maverick (2022) {imdb-tt1745960} {edition-Imax} [Bluray-2160p][DV HDR10][TrueHD Atmos 7.1][x265]-MainFrame.mkv,/mnt/media/4K Movies/Top Gun Maverick (2022)/Top Gun Maverick (2022) {imdb-tt1745960} {edition-Imax} [Bluray-2160p][DV HDR10][TrueHD Atmos 7.1][x265]-MainFrame.mkv,32248071657,30.03,2160p,3840,2024,H.265,TrueHD,DV HDR10,BluRay,,130.2,33.01
The Chronicles of Riddick (2004),The Chronicles of Riddick (2004) {imdb-tt0296572} {edition-Director's Cut} [Bluray-2160p][DV HDR10][DTS-HD MA 5.1][x265]-SPHD.mkv,/mnt/media/4K Movies/The Chronicles of Riddick (2004)/The Chronicles of Riddick (2004) {imdb-tt0296572} {edition-Director's Cut} [Bluray-2160p][DV HDR10][DTS-HD MA 5.1][x265]-SPHD.mkv,61111131462,56.91,2160p,3840,1600,H.265,DTS-HD,DV HDR10,BluRay,,134.1,60.77
Passengers (2016),Passengers (2016) {imdb-tt1355644} [Hybrid][Remux-2160p][DV HDR10][TrueHD Atmos 7.1][HEVC]-FraMeSToR.mkv,/mnt/media/4K Movies/Passengers (2016)/Passengers (2016) {imdb-tt1355644} [Hybrid][Remux-2160p][DV HDR10][TrueHD Atmos 7.1][HEVC]-FraMeSToR.mkv,51372981498,47.84,2160p,3840,2160,H.265,TrueHD,DV HDR10,Remux,,116.2,58.96
Alien (1979),Alien (1979) {imdb-tt0078748} {edition-Theatrical Cut} [Remux-2160p][HDR10Plus][DTS-HD MA 5.1][HEVC]-FraMeSToR.mkv,/mnt/media/4K Movies/Alien (1979)/Alien (1979) {imdb-tt0078748} {edition-Theatrical Cut} [Remux-2160p][HDR10Plus][DTS-HD MA 5.1][HEVC]-FraMeSToR.mkv,47557103047,44.29,2160p,3840,2160,H.265,DTS-HD,HDR10+,Remux,,116.6,54.37
Thor (2011),Thor (2011) {imdb-tt0800369} [Bluray-2160p][DV HDR10][TrueHD Atmos 7.1][x265]-KeYBLaDE.mkv,/mnt/media/4K Movies/Thor (2011)/Thor (2011) {imdb-tt0800369} [Bluray-2160p][DV HDR10][TrueHD Atmos 7.1][x265]-KeYBLaDE.mkv,23979236919,22.33,2160p,3840,1632,H.265,TrueHD,DV HDR10,BluRay,,114.8,27.84
The Suicide Squad (2021),The Suicide Squad (2021) {imdb-tt6334354} [Bluray-2160p][DV HDR10Plus][TrueHD Atmos 7.1][x265]-W4NK3R.mkv,/mnt/media/4K Movies/The Suicide Squad (2021)/The Suicide Squad (2021) {imdb-tt6334354} [Bluray-2160p][DV HDR10Plus][TrueHD Atmos 7.1][x265]-W4NK3R.mkv,35000297088,32.6,2160p,3840,2024,H.265,TrueHD,DV HDR10,BluRay,,132.1,35.32
Interstellar (2014),Interstellar (2014) {imdb-tt0816692} {edition-Imax} [Bluray-2160p][DV HDR10][DTS-HD MA 5.1][x265]-SPHD.mkv,/mnt/media/4K Movies/Interstellar (2014)/Interstellar (2014) {imdb-tt0816692} {edition-Imax} [Bluray-2160p][DV HDR10][DTS-HD MA 5.1][x265]-SPHD.mkv,60382460631,56.24,2160p,3840,2160,H.265,DTS-HD,DV HDR10,BluRay,,169.1,47.62
Batman v Superman Dawn of Justice (2016),Batman v Superman Dawn of Justice (2016) {imdb-tt2975590} {edition-Ultimate Edition Imax} [Bluray-2160p][DV HDR10][TrueHD Atmos 7.1][x265]-W4NK3R.mkv,/mnt/media/4K Movies/Batman v Superman Dawn of Justice (2016)/Batman v Superman Dawn of Justice (2016) {imdb-tt2975590} {edition-Ultimate Edition Imax} [Bluray-2160p][DV HDR10][TrueHD Atmos 7.1][x265]-W4NK3R.mkv,59648956512,55.55,2160p,3840,2160,H.265,TrueHD,DV HDR10,BluRay,,182.6,43.56
The Greatest Showman (2017),The Greatest Showman (2017) {imdb-tt1485796} [Bluray-2160p][DV HDR10][TrueHD Atmos 7.1][x265]-SPHD.mkv,/mnt/media/4K Movies/The Greatest Showman (2017)/The Greatest Showman (2017) {imdb-tt1485796} [Bluray-2160p][DV HDR10][TrueHD Atmos 7.1][x265]-SPHD.mkv,34288453563,31.93,2160p,3840,1600,H.265,TrueHD,DV HDR10,BluRay,,104.8,43.61
The Phantom of the Opera (2004),The Phantom of the Opera (2004) {imdb-tt0293508} [Remux-2160p][HDR10][DTS-HD MA 5.1][HEVC]-FraMeSToR.mkv,/mnt/media/4K Movies/The Phantom of the Opera (2004)/The Phantom of the Opera (2004) {imdb-tt0293508} [Remux-2160p][HDR10][DTS-HD MA 5.1][HEVC]-FraMeSToR.mkv,41510176133,38.66,2160p,3840,2160,H.265,DTS-HD,HDR10,Remux,,141.1,39.23
Ready Player One (2018),Ready Player One.2018.2160p.UHD.BluRay.TrueHD7.1.Atmos.x265-HQMUX.mkv,/mnt/media/4K Movies/Ready Player One (2018)/Ready Player One.2018.2160p.UHD.BluRay.TrueHD7.1.Atmos.x265-HQMUX.mkv,33759165530,31.44,2160p,3840,1600,H.265,TrueHD,,BluRay,,140.0,32.16
Wonder Woman 1984 (2020),Wonder Woman 1984 (2020) {imdb-tt7126948} {edition-Imax} [Bluray-2160p][DV HDR10][TrueHD Atmos 7.1][x265]-W4NK3R.mkv,/mnt/media/4K Movies/Wonder Woman 1984 (2020)/Wonder Woman 1984 (2020) {imdb-tt7126948} {edition-Imax} [Bluray-2160p][DV HDR10][TrueHD Atmos 7.1][x265]-W4NK3R.mkv,47249966808,44.0,2160p,3840,2024,H.265,TrueHD,DV HDR10,BluRay,,151.1,41.69
Blade Runner 2049 (2017),Blade.Runner.2049.2017.UHD.BluRay.2160p.TrueHD.Atmos.7.1.HEVC.HYBRID.REMUX-FraMeSToR.mkv,/mnt/media/4K Movies/Blade Runner 2049 (2017)/Blade.Runner.2049.2017.UHD.BluRay.2160p.TrueHD.Atmos.7.1.HEVC.HYBRID.REMUX-FraMeSToR.mkv,78732725953,73.33,2160p,3840,2160,H.265,TrueHD Atmos,,Remux,,163.5,64.22
Captain America Civil War (2016),Captain.America.Civil.War.2016.2160p.UHD.BluRay.ATMOS.HDR.x265-W4NK3R.mkv,/mnt/media/4K Movies/Captain America Civil War (2016)/Captain.America.Civil.War.2016.2160p.UHD.BluRay.ATMOS.HDR.x265-W4NK3R.mkv,30855268390,28.74,2160p,3840,1600,H.265,,HDR,BluRay,,147.7,27.85
Tenet (2020),Tenet (2020) {imdb-tt6723592} {edition-Imax} [Bluray-2160p][DV HDR10][DTS-HD MA 5.1][x265]-SPHD.mkv,/mnt/media/4K Movies/Tenet (2020)/Tenet (2020) {imdb-tt6723592} {edition-Imax} [Bluray-2160p][DV HDR10][DTS-HD MA 5.1][x265]-SPHD.mkv,48300105510,44.98,2160p,3840,2160,H.265,DTS-HD,DV HDR10,BluRay,,150.2,42.89
Bohemian Rhapsody (2018),Bohemian Rhapsody (2018) {imdb-tt1727824} [Bluray-2160p][HDR10Plus][TrueHD Atmos 7.1][x265]-W4NK3R.mkv,/mnt/media/4K Movies/Bohemian Rhapsody (2018)/Bohemian Rhapsody (2018) {imdb-tt1727824} [Bluray-2160p][HDR10Plus][TrueHD Atmos 7.1][x265]-W4NK3R.mkv,28296302789,26.35,2160p,3840,1604,H.265,TrueHD,HDR10+,BluRay,,134.6,28.03
Willy Wonka and the Chocolate Factory (1971),Willy Wonka and the Chocolate Factory (1971) {imdb-tt0067992} [Bluray-2160p][DV HDR10][DTS-HD MA 5.1][x265]-MainFrame.mkv,/mnt/media/4K Movies/Willy Wonka and the Chocolate Factory (1971)/Willy Wonka and the Chocolate Factory (1971) {imdb-tt0067992} [Bluray-2160p][DV HDR10][DTS-HD MA 5.1][x265]-MainFrame.mkv,36507286271,34.0,2160p,3840,2076,H.265,DTS-HD,DV HDR10,BluRay,,99.6,48.86
Blade (1998),Blade (1998) {imdb-tt0120611} [Bluray-2160p][DV HDR10][TrueHD Atmos 7.1][x265]-MainFrame.mkv,/mnt/media/4K Movies/Blade (1998)/Blade (1998) {imdb-tt0120611} [Bluray-2160p][DV HDR10][TrueHD Atmos 7.1][x265]-MainFrame.mkv,35503057623,33.06,2160p,3840,1604,H.265,TrueHD,DV HDR10,BluRay,,120.2,39.38
Eternals (2021),Eternals.2021.2160p.UHD.BluRay.ATMOS.DV.x265-W4NK3R.mkv,/mnt/media/4K Movies/Eternals (2021)/Eternals.2021.2160p.UHD.BluRay.ATMOS.DV.x265-W4NK3R.mkv,29149039348,27.15,2160p,3840,1608,H.265,,DV,BluRay,,155.8,24.94
Dune (2021),Dune (2021) {imdb-tt1160419} [Bluray-2160p Proper][DV HDR10Plus][TrueHD Atmos 7.1][x265]-W4NK3R.mkv,/mnt/media/4K Movies/Dune (2021)/Dune (2021) {imdb-tt1160419} [Bluray-2160p Proper][DV HDR10Plus][TrueHD Atmos 7.1][x265]-W4NK3R.mkv,46596164236,43.4,2160p,3840,1608,H.265,TrueHD,DV HDR10,BluRay,,155.4,39.97
Iron Man (2008),Iron Man (2008) {imdb-tt0371746} [Bluray-2160p][DV HDR10][TrueHD Atmos 7.1][x265]-MainFrame.mkv,/mnt/media/4K Movies/Iron Man (2008)/Iron Man (2008) {imdb-tt0371746} [Bluray-2160p][DV HDR10][TrueHD Atmos 7.1][x265]-MainFrame.mkv,27826876878,25.92,2160p,3840,1600,H.265,TrueHD,DV HDR10,BluRay,,126.0,29.45
Avatar The Way of Water (2022),Avatar The Way of Water (2022) {imdb-tt1630029} [Bluray-2160p][HDR10][TrueHD Atmos 7.1][x265]-W4NK3R.mkv,/mnt/media/4K Movies/Avatar The Way of Water (2022)/Avatar The Way of Water (2022) {imdb-tt1630029} [Bluray-2160p][HDR10][TrueHD Atmos 7.1][x265]-W4NK3R.mkv,58699206074,54.67,2160p,3840,2076,H.265,TrueHD,HDR10,BluRay,,192.6,40.64
The Godfather (1972),The Godfather (1972) {imdb-tt0068646} [Bluray-2160p][DV HDR10][TrueHD 5.1][x265]-SPHD.mkv,/mnt/media/4K Movies/The Godfather (1972)/The Godfather (1972) {imdb-tt0068646} [Bluray-2160p][DV HDR10][TrueHD 5.1][x265]-SPHD.mkv,60948061655,56.76,2160p,3840,2076,H.265,TrueHD,DV HDR10,BluRay,,176.7,45.99
The Lord of the Rings The Return of the King (2003),The Lord of the Rings The Return of the King (2003) {imdb-tt0167260} {edition-Extended} [Remux-2160p][DV HDR10][TrueHD Atmos 7.1][HEVC]-FraMeSToR.mkv,/mnt/media/4K Movies/The Lord of the Rings The Return of the King (2003)/The Lord of the Rings The Return of the King (2003) {imdb-tt0167260} {edition-Extended} [Remux-2160p][DV HDR10][TrueHD Atmos 7.1][HEVC]-FraMeSToR.mkv,141123556741,131.43,2160p,3840,2160,H.265,TrueHD,DV HDR10,Remux,,263.2,71.5
Deadpool 2 (2018),Deadpool 2 (2018) {imdb-tt5463162} [Bluray-2160p][HDR10][TrueHD Atmos 7.1][x265]-MainFrame.mkv,/mnt/media/4K Movies/Deadpool 2 (2018)/Deadpool 2 (2018) {imdb-tt5463162} [Bluray-2160p][HDR10][TrueHD Atmos 7.1][x265]-MainFrame.mkv,31799966800,29.62,2160p,3840,1608,H.265,TrueHD,HDR10,BluRay,,134.0,31.64
Apocalypse Now (1979),Apocalypse Now (1979) {imdb-tt0078788} {edition-Theatrical Cut} [Bluray-2160p][DV HDR10][TrueHD Atmos 7.1][x265]-W4NK3R.mkv,/mnt/media/4K Movies/Apocalypse Now (1979)/Apocalypse Now (1979) {imdb-tt0078788} {edition-Theatrical Cut} [Bluray-2160p][DV HDR10][TrueHD Atmos 7.1][x265]-W4NK3R.mkv,40107303127,37.35,2160p,3840,1604,H.265,TrueHD,DV HDR10,BluRay,,147.3,36.32
Star Trek The Motion Picture (1979),Star Trek The Motion Picture (1979) {imdb-tt0079945} [Bluray-2160p][DV][TrueHD Atmos 7.1][x265]-VD0N.mkv,/mnt/media/4K Movies/Star Trek The Motion Picture (1979)/Star Trek The Motion Picture (1979) {imdb-tt0079945} [Bluray-2160p][DV][TrueHD Atmos 7.1][x265]-VD0N.mkv,45837210270,42.69,2160p,3840,1608,H.265,TrueHD,DV,BluRay,,136.7,44.7
Fast & Furious 6 (2013),Fast and Furious 6 (2013) {imdb-tt1905041} {edition-Extended} [Bluray-2160p Proper][HDR10][DTS-HD MA 5.1][x265]-CtrlHD.mkv,/mnt/media/4K Movies/Fast & Furious 6 (2013)/Fast and Furious 6 (2013) {imdb-tt1905041} {edition-Extended} [Bluray-2160p Proper][HDR10][DTS-HD MA 5.1][x265]-CtrlHD.mkv,30874593403,28.75,2160p,3840,1632,H.265,DTS-HD,HDR10,BluRay,,131.0,31.41
Blade II (2002),Blade II (2002) {imdb-tt0187738} [WEBDL-2160p][DV HDR10][DTS-HD MA 7.1][h265]-FLUX.mkv,/mnt/media/4K Movies/Blade II (2002)/Blade II (2002) {imdb-tt0187738} [WEBDL-2160p][DV HDR10][DTS-HD MA 7.1][h265]-FLUX.mkv,23610372860,21.99,2160p,3840,2076,H.265,DTS-HD,DV HDR10,WEB-DL,,116.9,26.94
Return of the Jedi (1983),Return of the Jedi (1983) {imdb-tt0086190} - [Hybrid][Bluray-2160p][TrueHD Atmos 7.1][DV HDR10][x265]-HiDt.mkv,/mnt/media/4K Movies/Return of the Jedi (1983)/Return of the Jedi (1983) {imdb-tt0086190} - [Hybrid][Bluray-2160p][TrueHD Atmos 7.1][DV HDR10][x265]-HiDt.mkv,31938745004,29.75,2160p,3840,1608,H.265,TrueHD,DV HDR10,BluRay,,134.8,31.59
The Empire Strikes Back (1980),The Empire Strikes Back (1980) {imdb-tt0080684} [Bluray-2160p][HDR10][TrueHD Atmos 7.1][x265]-HQMUX.mkv,/mnt/media/4K Movies/The Empire Strikes Back (1980)/The Empire Strikes Back (1980) {imdb-tt0080684} [Bluray-2160p][HDR10][TrueHD Atmos 7.1][x265]-HQMUX.mkv,29606291714,27.57,2160p,3840,1608,H.265,TrueHD,HDR10,BluRay,,127.4,30.98
Captain America Brave New World (2025),Captain America Brave New World (2025) {imdb-tt14513804} [Bluray-2160p][DV HDR10Plus][TrueHD Atmos 7.1][x265]-MainFrame.mkv,/mnt/media/4K Movies/Captain America Brave New World (2025)/Captain America Brave New World (2025) {imdb-tt14513804} [Bluray-2160p][DV HDR10Plus][TrueHD Atmos 7.1][x265]-MainFrame.mkv,22311039850,20.78,2160p,3840,1608,H.265,TrueHD,DV HDR10,BluRay,,118.5,25.1
Mission Impossible Fallout (2018),Mission Impossible Fallout (2018) {imdb-tt4912910} {edition-Imax} [Bluray-2160p][DV HDR10][TrueHD Atmos 7.1][x265]-SPHD.mkv,/mnt/media/4K Movies/Mission Impossible Fallout (2018)/Mission Impossible Fallout (2018) {imdb-tt4912910} {edition-Imax} [Bluray-2160p][DV HDR10][TrueHD Atmos 7.1][x265]-SPHD.mkv,54968958876,51.19,2160p,3840,2024,H.265,TrueHD,DV HDR10,BluRay,,147.4,49.72
Mission Impossible Rogue Nation (2015),Mission Impossible Rogue Nation (2015) {imdb-tt2381249} [Bluray-2160p][HDR10][TrueHD Atmos 7.1][x265]-HQMUX.mkv,/mnt/media/4K Movies/Mission Impossible Rogue Nation (2015)/Mission Impossible Rogue Nation (2015) {imdb-tt2381249} [Bluray-2160p][HDR10][TrueHD Atmos 7.1][x265]-HQMUX.mkv,26821258345,24.98,2160p,3840,1600,H.265,TrueHD,HDR10,BluRay,,131.6,27.18
The Abyss (1989),The Abyss (1989) {imdb-tt0096754} {edition-Special Edition} [Bluray-2160p][DV HDR10][TrueHD Atmos 7.1][x265]-W4NK3R.mkv,/mnt/media/4K Movies/The Abyss (1989)/The Abyss (1989) {imdb-tt0096754} {edition-Special Edition} [Bluray-2160p][DV HDR10][TrueHD Atmos 7.1][x265]-W4NK3R.mkv,35786735192,33.33,2160p,3840,1604,H.265,TrueHD,DV HDR10,BluRay,,171.0,27.9
Thor Ragnarok (2017),Thor Ragnarok (2017) {imdb-tt3501632} [Bluray-2160p][DV HDR10][TrueHD Atmos 7.1][x265]-LEGi0N.mkv,/mnt/media/4K Movies/Thor Ragnarok (2017)/Thor Ragnarok (2017) {imdb-tt3501632} [Bluray-2160p][DV HDR10][TrueHD Atmos 7.1][x265]-LEGi0N.mkv,29582187680,27.55,2160p,3840,1608,H.265,TrueHD,DV HDR10,BluRay,,130.5,30.22
Zombieland Double Tap (2019),Zombieland Double Tap (2019) {imdb-tt1560220} [Bluray-2160p][DV HDR10][DTS-X 7.1][x265]-MainFrame.mkv,/mnt/media/4K Movies/Zombieland Double Tap (2019)/Zombieland Double Tap (2019) {imdb-tt1560220} [Bluray-2160p][DV HDR10][DTS-X 7.1][x265]-MainFrame.mkv,18960398797,17.66,2160p,3840,1604,H.265,DTS:X,DV HDR10,BluRay,,99.0,25.53
Napoleon (2023),Napoleon (2023) {imdb-tt13287846} {edition-Directors Cut} [ATVP][WEBDL-2160p][DV HDR10Plus][EAC3 Atmos 5.1][h265]-FLUX.mkv,/mnt/media/4K Movies/Napoleon (2023)/Napoleon (2023) {imdb-tt13287846} {edition-Directors Cut} [ATVP][WEBDL-2160p][DV HDR10Plus][EAC3 Atmos 5.1][h265]-FLUX.mkv,37161578663,34.61,2160p,3840,1608,H.265,DD+,DV HDR10,WEB-DL,,204.8,24.19
Zack Snyders Justice League (2021),Zack Snyders Justice League (2021) {imdb-tt12361974} [Bluray-2160p][DV HDR10][TrueHD Atmos 7.1][x265]-W4NK3R.mkv,/mnt/media/4K Movies/Zack Snyders Justice League (2021)/Zack Snyders Justice League (2021) {imdb-tt12361974} [Bluray-2160p][DV HDR10][TrueHD Atmos 7.1][x265]-W4NK3R.mkv,56152706692,52.3,2160p,2880,2160,H.265,TrueHD,DV HDR10,BluRay,,242.3,30.91
Captain Marvel 2 (2022),The Marvels (2023) {imdb-tt10676048} [Bluray-2160p][DV HDR10][TrueHD Atmos 7.1][x265]-W4NK3R.mkv,/mnt/media/4K Movies/Captain Marvel 2 (2022)/The Marvels (2023) {imdb-tt10676048} [Bluray-2160p][DV HDR10][TrueHD Atmos 7.1][x265]-W4NK3R.mkv,23484005229,21.87,2160p,3840,1608,H.265,TrueHD,DV HDR10,BluRay,,104.7,29.89
Mad Max Fury Road (2015),Mad Max Fury Road (2015) {imdb-tt1392190} [Hybrid][Remux-2160p][DV HDR10][TrueHD Atmos 7.1][HEVC]-FraMeSToR.mkv,/mnt/media/4K Movies/Mad Max Fury Road (2015)/Mad Max Fury Road (2015) {imdb-tt1392190} [Hybrid][Remux-2160p][DV HDR10][TrueHD Atmos 7.1][HEVC]-FraMeSToR.mkv,45809156345,42.66,2160p,3840,2160,H.265,TrueHD,DV HDR10,Remux,,120.4,50.75
Highlander (1986),Highlander (1986) {imdb-tt0091203} [Bluray-2160p][DV HDR10][DTS-HD MA 5.1][x265]-W4NK3R.mkv,/mnt/media/4K Movies/Highlander (1986)/Highlander (1986) {imdb-tt0091203} [Bluray-2160p][DV HDR10][DTS-HD MA 5.1][x265]-W4NK3R.mkv,54649057706,50.9,2160p,3840,2076,H.265,DTS-HD,DV HDR10,BluRay,,116.8,62.41
Earth One Amazing Day (2017),Earth One Amazing Day (2017) {imdb-tt6238896} [Remux-2160p][DV HDR10][TrueHD Atmos 7.1][HEVC]-FraMeSToR.mkv,/mnt/media/4K Movies/Earth One Amazing Day (2017)/Earth One Amazing Day (2017) {imdb-tt6238896} [Remux-2160p][DV HDR10][TrueHD Atmos 7.1][HEVC]-FraMeSToR.mkv,52336046428,48.74,2160p,3840,2160,H.265,TrueHD,DV HDR10,Remux,,93.7,74.45
Aliens (1986),Aliens (1986) {imdb-tt0090605} {edition-Special Edition} [Bluray-2160p][DV HDR10][TrueHD Atmos 7.1][x265]-W4NK3R.mkv,/mnt/media/4K Movies/Aliens (1986)/Aliens (1986) {imdb-tt0090605} {edition-Special Edition} [Bluray-2160p][DV HDR10][TrueHD Atmos 7.1][x265]-W4NK3R.mkv,56481561613,52.6,2160p,3840,2072,H.265,TrueHD,DV HDR10,BluRay,,154.5,48.75
War for the Planet of the Apes (2017),War for the Planet of the Apes (2017) {imdb-tt3450958} [Hybrid][Bluray-2160p][DV HDR10Plus][EAC3 Atmos 8.0][x265]-BiTOR.mkv,/mnt/media/4K Movies/War for the Planet of the Apes (2017)/War for the Planet of the Apes (2017) {imdb-tt3450958} [Hybrid][Bluray-2160p][DV HDR10Plus][EAC3 Atmos 8.0][x265]-BiTOR.mkv,21132418642,19.68,2160p,3840,1600,H.265,DD+,DV HDR10,BluRay,,140.2,20.1
Kingdom of Heaven (2005),Kingdom of Heaven (2005) {imdb-tt0320661} {edition-Director's Cut} [Bluray-2160p][DV HDR10][TrueHD Atmos 7.1][x265]-SPHD.mkv,/mnt/media/4K Movies/Kingdom of Heaven (2005)/Kingdom of Heaven (2005) {imdb-tt0320661} {edition-Director's Cut} [Bluray-2160p][DV HDR10][TrueHD Atmos 7.1][x265]-SPHD.mkv,56042538557,52.19,2160p,3840,1608,H.265,TrueHD,DV HDR10,BluRay,,193.9,38.54
Deadpool 3 (2024),Deadpool and Wolverine (2024) {imdb-tt6263850} [Bluray-2160p][DV HDR10][TrueHD Atmos 7.1][x265]-W4NK3R.mkv,/mnt/media/4K Movies/Deadpool 3 (2024)/Deadpool and Wolverine (2024) {imdb-tt6263850} [Bluray-2160p][DV HDR10][TrueHD Atmos 7.1][x265]-W4NK3R.mkv,28434733220,26.48,2160p,3840,1608,H.265,TrueHD,DV HDR10,BluRay,,127.9,29.64
Venom (2018),Venom (2018) {imdb-tt1270797} [Bluray-2160p][DV HDR10][TrueHD Atmos 7.1][x265]-W4NK3R.mkv,/mnt/media/4K Movies/Venom (2018)/Venom (2018) {imdb-tt1270797} [Bluray-2160p][DV HDR10][TrueHD Atmos 7.1][x265]-W4NK3R.mkv,20484774062,19.08,2160p,3840,1600,H.265,TrueHD,DV HDR10,BluRay,,112.4,24.31
Riddick (2013),Riddick (2013) {imdb-tt1411250} {edition-Director's Cut} [Bluray-2160p][DV HDR10][DTS-HD MA 5.1][x265]-SPHD.mkv,/mnt/media/4K Movies/Riddick (2013)/Riddick (2013) {imdb-tt1411250} {edition-Director's Cut} [Bluray-2160p][DV HDR10][DTS-HD MA 5.1][x265]-SPHD.mkv,48743150049,45.4,2160p,3840,1596,H.265,DTS-HD,DV HDR10,BluRay,,126.9,51.22
Godzilla x Kong The New Empire (2024),Godzilla x Kong The New Empire (2024) {imdb-tt14539740} [Bluray-2160p][DV HDR10][TrueHD Atmos 7.1][x265]-MainFrame.mkv,/mnt/media/4K Movies/Godzilla x Kong The New Empire (2024)/Godzilla x Kong The New Empire (2024) {imdb-tt14539740} [Bluray-2160p][DV HDR10][TrueHD Atmos 7.1][x265]-MainFrame.mkv,37332094281,34.77,2160p,3840,1604,H.265,TrueHD,DV HDR10,BluRay,,114.7,43.41
The Godfather Part II (1974),The Godfather Part II (1974) {imdb-tt0071562} [Bluray-2160p][DV HDR10][TrueHD 5.1][x265]-SPHD.mkv,/mnt/media/4K Movies/The Godfather Part II (1974)/The Godfather Part II (1974) {imdb-tt0071562} [Bluray-2160p][DV HDR10][TrueHD 5.1][x265]-SPHD.mkv,66932820280,62.34,2160p,3840,2076,H.265,TrueHD,DV HDR10,BluRay,,201.7,44.25
Kingdom of the Planet of the Apes (2024),Kingdom of the Planet of the Apes (2024) {imdb-tt11389872} [Bluray-2160p][DV HDR10Plus][TrueHD Atmos 7.1][x265]-W4NK3R.mkv,/mnt/media/4K Movies/Kingdom of the Planet of the Apes (2024)/Kingdom of the Planet of the Apes (2024) {imdb-tt11389872} [Bluray-2160p][DV HDR10Plus][TrueHD Atmos 7.1][x265]-W4NK3R.mkv,29773270741,27.73,2160p,3840,1604,H.265,TrueHD,DV HDR10,BluRay,,144.8,27.42
Spider-Man Homecoming (2017),Spider-Man Homecoming (2017) {imdb-tt2250912} [Bluray-2160p][DV HDR10][TrueHD Atmos 7.1][x265]-W4NK3R.mkv,/mnt/media/4K Movies/Spider-Man Homecoming (2017)/Spider-Man Homecoming (2017) {imdb-tt2250912} [Bluray-2160p][DV HDR10][TrueHD Atmos 7.1][x265]-W4NK3R.mkv,27189367984,25.32,2160p,3840,1604,H.265,TrueHD,DV HDR10,BluRay,,133.5,27.16
Venom Let There Be Carnage (2021),Venom Let There Be Carnage (2021) {imdb-tt7097896} [Bluray-2160p][DV HDR10][TrueHD Atmos 7.1][x265]-W4NK3R.mkv,/mnt/media/4K Movies/Venom Let There Be Carnage (2021)/Venom Let There Be Carnage (2021) {imdb-tt7097896} [Bluray-2160p][DV HDR10][TrueHD Atmos 7.1][x265]-W4NK3R.mkv,27284404265,25.41,2160p,3840,2076,H.265,TrueHD,DV HDR10,BluRay,,97.3,37.39
Spider-Man Far From Home (2019),Spider-Man Far From Home (2019) {imdb-tt6320628} [Bluray-2160p][DV HDR10][TrueHD Atmos 7.1][x265]-W4NK3R.mkv,/mnt/media/4K Movies/Spider-Man Far From Home (2019)/Spider-Man Far From Home (2019) {imdb-tt6320628} [Bluray-2160p][DV HDR10][TrueHD Atmos 7.1][x265]-W4NK3R.mkv,20301663476,18.91,2160p,3840,1604,H.265,TrueHD,DV HDR10,BluRay,,129.4,20.92
Dawn of the Planet of the Apes (2014),Dawn of the Planet of the Apes (2014) {imdb-tt2103281} [Bluray-2160p][DV HDR10][EAC3 7.1][x265]-hallowed.mkv,/mnt/media/4K Movies/Dawn of the Planet of the Apes (2014)/Dawn of the Planet of the Apes (2014) {imdb-tt2103281} [Bluray-2160p][DV HDR10][EAC3 7.1][x265]-hallowed.mkv,16491562981,15.36,2160p,3840,2076,H.265,DD+,DV HDR10,BluRay,,130.4,16.86
Godzilla (2014),Godzilla (2014) {imdb-tt0831387} [Bluray-2160p][HDR10][TrueHD Atmos 7.1][x265]-HQMUX.mkv,/mnt/media/4K Movies/Godzilla (2014)/Godzilla (2014) {imdb-tt0831387} [Bluray-2160p][HDR10][TrueHD Atmos 7.1][x265]-HQMUX.mkv,48075824187,44.77,2160p,3840,1608,H.265,TrueHD,HDR10,BluRay,,123.1,52.07
Gladiator II (2024),Gladiator II (2024) {imdb-tt9218128} [Remux-2160p][DV HDR10][TrueHD Atmos 7.1][HEVC]-FraMeSToR.mkv,/mnt/media/4K Movies/Gladiator II (2024)/Gladiator II (2024) {imdb-tt9218128} [Remux-2160p][DV HDR10][TrueHD Atmos 7.1][HEVC]-FraMeSToR.mkv,78450673553,73.06,2160p,3840,2160,H.265,TrueHD,DV HDR10,Remux,,147.8,70.75
Star Trek VI The Undiscovered Country (1991),Star Trek VI The Undiscovered Country (1991) {imdb-tt0102975} {edition-Theatrical Cut} [Bluray-2160p][DV HDR10][EAC3 7.1][x265]-hallowed.mkv,/mnt/media/4K Movies/Star Trek VI The Undiscovered Country (1991)/Star Trek VI The Undiscovered Country (1991) {imdb-tt0102975} {edition-Theatrical Cut} [Bluray-2160p][DV HDR10][EAC3 7.1][x265]-hallowed.mkv,15598583801,14.53,2160p,3840,1634,H.265,DD+,DV HDR10,BluRay,,110.0,18.91
Star Trek Beyond (2016),Star Trek Beyond (2016) {imdb-tt2660888} [Bluray-2160p][DV HDR10][TrueHD Atmos 7.1][x265]-SPHD.mkv,/mnt/media/4K Movies/Star Trek Beyond (2016)/Star Trek Beyond (2016) {imdb-tt2660888} [Bluray-2160p][DV HDR10][TrueHD Atmos 7.1][x265]-SPHD.mkv,40988771193,38.17,2160p,3840,1608,H.265,TrueHD,DV HDR10,BluRay,,122.4,44.66
Cars 3 (2017),Cars 3 (2017) {imdb-tt3606752} [Bluray-2160p][HDR10][TrueHD Atmos 7.1][x265]-CtrlHD.mkv,/mnt/media/4K Movies/Cars 3 (2017)/Cars 3 (2017) {imdb-tt3606752} [Bluray-2160p][HDR10][TrueHD Atmos 7.1][x265]-CtrlHD.mkv,24648742235,22.96,2160p,3840,1608,H.265,TrueHD,HDR10,BluRay,,102.4,32.09
Star Trek V The Final Frontier (1989),Star Trek V The Final Frontier (1989) {imdb-tt0098382} [Bluray-2160p][DV HDR10][EAC3 7.1][x265]-hallowed.mkv,/mnt/media/4K Movies/Star Trek V The Final Frontier (1989)/Star Trek V The Final Frontier (1989) {imdb-tt0098382} [Bluray-2160p][DV HDR10][EAC3 7.1][x265]-hallowed.mkv,15080381041,14.04,2160p,3840,1600,H.265,DD+,DV HDR10,BluRay,,106.5,18.87
Frankenstein (2025),Frankenstein (2025) {imdb-tt1312221} - [NF][WEBDL-2160p][EAC3 Atmos 5.1][DV HDR10][h265]-Kitsune.mkv,/mnt/media/4K Movies/Frankenstein (2025)/Frankenstein (2025) {imdb-tt1312221} - [NF][WEBDL-2160p][EAC3 Atmos 5.1][DV HDR10][h265]-Kitsune.mkv,22742434681,21.18,2160p,3840,2160,H.265,DD+,DV HDR10,WEB-DL,,152.4,19.89
Avengers Infinity War (2018),Avengers Infinity War (2018) {imdb-tt4154756} [Hybrid][Remux-2160p][DV HDR10][TrueHD Atmos 7.1][HEVC]-FraMeSToR.mkv,/mnt/media/4K Movies/Avengers Infinity War (2018)/Avengers Infinity War (2018) {imdb-tt4154756} [Hybrid][Remux-2160p][DV HDR10][TrueHD Atmos 7.1][HEVC]-FraMeSToR.mkv,58987914480,54.94,2160p,3840,2160,H.265,TrueHD,DV HDR10,Remux,,149.4,52.66
300 (2006),300 (2006) {imdb-tt0416449} [Hybrid][Remux-2160p][DV HDR10][TrueHD Atmos 7.1][HEVC]-FraMeSToR.mkv,/mnt/media/4K Movies/300 (2006)/300 (2006) {imdb-tt0416449} [Hybrid][Remux-2160p][DV HDR10][TrueHD Atmos 7.1][HEVC]-FraMeSToR.mkv,56710777223,52.82,2160p,3840,2160,H.265,TrueHD,DV HDR10,Remux,,116.6,64.83
Wonder Woman (2017),Wonder Woman (2017) {imdb-tt0451279} [Bluray-2160p][DV HDR10][TrueHD Atmos 7.1][x265]-MainFrame.mkv,/mnt/media/4K Movies/Wonder Woman (2017)/Wonder Woman (2017) {imdb-tt0451279} [Bluray-2160p][DV HDR10][TrueHD Atmos 7.1][x265]-MainFrame.mkv,37167602487,34.62,2160p,3840,1600,H.265,TrueHD,DV HDR10,BluRay,,141.3,35.08
The Avengers (2012),The Avengers (2012) {imdb-tt0848228} [Hybrid][Remux-2160p][DV HDR10][TrueHD Atmos 7.1][HEVC]-FraMeSToR.mkv,/mnt/media/4K Movies/The Avengers (2012)/The Avengers (2012) {imdb-tt0848228} [Hybrid][Remux-2160p][DV HDR10][TrueHD Atmos 7.1][HEVC]-FraMeSToR.mkv,53748682392,50.06,2160p,3840,2160,H.265,TrueHD,DV HDR10,Remux,,142.9,50.14
Godzilla vs. Kong (2021),Godzilla vs. Kong (2021) {imdb-tt5034838} [Bluray-2160p][DV HDR10Plus][TrueHD Atmos 7.1][x265]-W4NK3R.mkv,/mnt/media/4K Movies/Godzilla vs. Kong (2021)/Godzilla vs. Kong (2021) {imdb-tt5034838} [Bluray-2160p][DV HDR10Plus][TrueHD Atmos 7.1][x265]-W4NK3R.mkv,27398821986,25.52,2160p,3840,1608,H.265,TrueHD,DV HDR10,BluRay,,113.1,32.29
Indiana Jones and the Last Crusade (1989),Indiana.Jones.and.the.Last.Crusade.1989.UHD.BluRay.2160p.TrueHD.Atmos.7.1.DV.HEVC.REMUX-FraMeSToR.mkv,/mnt/media/4K Movies/Indiana Jones and the Last Crusade (1989)/Indiana.Jones.and.the.Last.Crusade.1989.UHD.BluRay.2160p.TrueHD.Atmos.7.1.DV.HEVC.REMUX-FraMeSToR.mkv,55411267310,51.61,2160p,3840,2160,H.265,TrueHD Atmos,DV,Remux,,126.9,58.24
Captain Marvel (2019),Captain Marvel (2019) {imdb-tt4154664} [Bluray-2160p][DV HDR10][TrueHD Atmos 7.1][x265]-W4NK3R.mkv,/mnt/media/4K Movies/Captain Marvel (2019)/Captain Marvel (2019) {imdb-tt4154664} [Bluray-2160p][DV HDR10][TrueHD Atmos 7.1][x265]-W4NK3R.mkv,27339921228,25.46,2160p,3840,1608,H.265,TrueHD,DV HDR10,BluRay,,123.7,29.47
Oppenheimer (2023),Oppenheimer (2023) {imdb-tt15398776} [Bluray-2160p][DV HDR10][DTS-HD MA 5.1][x265]-MainFrame.mkv,/mnt/media/4K Movies/Oppenheimer (2023)/Oppenheimer (2023) {imdb-tt15398776} [Bluray-2160p][DV HDR10][DTS-HD MA 5.1][x265]-MainFrame.mkv,42033663382,39.15,2160p,3840,2160,H.265,DTS-HD,DV HDR10,BluRay,,180.4,31.07
Wicked (2024),Wicked (2024) {imdb-tt1262426} [Bluray-2160p][DV HDR10][TrueHD Atmos 7.1][x265]-MainFrame.mkv,/mnt/media/4K Movies/Wicked (2024)/Wicked (2024) {imdb-tt1262426} [Bluray-2160p][DV HDR10][TrueHD Atmos 7.1][x265]-MainFrame.mkv,49011252657,45.65,2160p,3840,1608,H.265,TrueHD,DV HDR10,BluRay,,160.2,40.8
The Revenant (2015),The Revenant (2015) {imdb-tt1663202} {edition-Open Matte} [Remux-2160p][DV HDR10Plus][TrueHD Atmos 7.1][h265]-Benflix.mkv,/mnt/media/4K Movies/The Revenant (2015)/The Revenant (2015) {imdb-tt1663202} {edition-Open Matte} [Remux-2160p][DV HDR10Plus][TrueHD Atmos 7.1][h265]-Benflix.mkv,74440451702,69.33,2160p,3840,2160,H.265,TrueHD,DV HDR10,Remux,,156.5,63.41
The Hobbit An Unexpected Journey (2012),The.Hobbit.An.Unexpected.Journey.2012.Extended.Cut.UHD.BluRay.2160p.TrueHD.Atmos.7.1.DV.HEVC.REMUX-FraMeSToR.mkv,/mnt/media/4K Movies/The Hobbit An Unexpected Journey (2012)/The.Hobbit.An.Unexpected.Journey.2012.Extended.Cut.UHD.BluRay.2160p.TrueHD.Atmos.7.1.DV.HEVC.REMUX-FraMeSToR.mkv,74566778707,69.45,2160p,3840,2160,H.265,TrueHD Atmos,DV,Remux,,182.5,54.47
The Hunger Games Mockingjay - Part 1 (2014),The Hunger Games Mockingjay Part 1 (2014) {imdb-tt1951265} [Bluray-2160p][DV HDR10][TrueHD Atmos 7.1][x265]-MainFrame.mkv,/mnt/media/4K Movies/The Hunger Games Mockingjay - Part 1 (2014)/The Hunger Games Mockingjay Part 1 (2014) {imdb-tt1951265} [Bluray-2160p][DV HDR10][TrueHD Atmos 7.1][x265]-MainFrame.mkv,24058665436,22.41,2160p,3840,1600,H.265,TrueHD,DV HDR10,BluRay,,122.9,26.11
The Hunger Games Mockingjay - Part 2 (2015),The Hunger Games Mockingjay Part 2 (2015) {imdb-tt1951266} [Bluray-2160p][DV HDR10][TrueHD Atmos 7.1][x265]-MainFrame.mkv,/mnt/media/4K Movies/The Hunger Games Mockingjay - Part 2 (2015)/The Hunger Games Mockingjay Part 2 (2015) {imdb-tt1951266} [Bluray-2160p][DV HDR10][TrueHD Atmos 7.1][x265]-MainFrame.mkv,28585297679,26.62,2160p,3840,1612,H.265,TrueHD,DV HDR10,BluRay,,136.9,27.83
The Hunger Games Catching Fire (2013),The Hunger Games Catching Fire (2013) {imdb-tt1951264} [Bluray-2160p][DV HDR10][TrueHD Atmos 7.1][x265]-MainFrame.mkv,/mnt/media/4K Movies/The Hunger Games Catching Fire (2013)/The Hunger Games Catching Fire (2013) {imdb-tt1951264} [Bluray-2160p][DV HDR10][TrueHD Atmos 7.1][x265]-MainFrame.mkv,40300327942,37.53,2160p,3840,1600,H.265,TrueHD,DV HDR10,BluRay,,146.3,36.74
The Matrix Reloaded (2003),The Matrix Reloaded (2003) {imdb-tt0234215} [Bluray-2160p][DV HDR10][TrueHD Atmos 7.1][x265]-W4NK3R.mkv,/mnt/media/4K Movies/The Matrix Reloaded (2003)/The Matrix Reloaded (2003) {imdb-tt0234215} [Bluray-2160p][DV HDR10][TrueHD Atmos 7.1][x265]-W4NK3R.mkv,45400173288,42.28,2160p,3840,1600,H.265,TrueHD,DV HDR10,BluRay,,138.3,43.77
Furious 7 (2015),Furious.Seven.2015.Extended.2160p.UHD.BluRay.DTS-HD.HR.7.1.HDR.x265-CtrlHD.mkv,/mnt/media/4K Movies/Furious 7 (2015)/Furious.Seven.2015.Extended.2160p.UHD.BluRay.DTS-HD.HR.7.1.HDR.x265-CtrlHD.mkv,27820615338,25.91,2160p,3840,1600,H.265,DTS-HD,HDR,BluRay,,139.9,26.51
Captain America The First Avenger (2011),Captain America The First Avenger (2011) {imdb-tt0458339} [Bluray-2160p][DV HDR10][TrueHD Atmos 7.1][x265]-KeYBLaDE.mkv,/mnt/media/4K Movies/Captain America The First Avenger (2011)/Captain America The First Avenger (2011) {imdb-tt0458339} [Bluray-2160p][DV HDR10][TrueHD Atmos 7.1][x265]-KeYBLaDE.mkv,26034478918,24.25,2160p,3840,1600,H.265,TrueHD,DV HDR10,BluRay,,124.2,27.96
Thor The Dark World (2013),Thor The Dark World (2013) {imdb-tt1981115} [Bluray-2160p][HDR10][TrueHD Atmos 7.1][x265]-HQMUX.mkv,/mnt/media/4K Movies/Thor The Dark World (2013)/Thor The Dark World (2013) {imdb-tt1981115} [Bluray-2160p][HDR10][TrueHD Atmos 7.1][x265]-HQMUX.mkv,24511984455,22.83,2160p,3840,1600,H.265,TrueHD,HDR10,BluRay,,112.1,29.17
Edge of Tomorrow (2014),Edge of Tomorrow (2014) {imdb-tt1631867} [Bluray-2160p][DV HDR10][TrueHD Atmos 7.1][x265]-SPHD.mkv,/mnt/media/4K Movies/Edge of Tomorrow (2014)/Edge of Tomorrow (2014) {imdb-tt1631867} [Bluray-2160p][DV HDR10][TrueHD Atmos 7.1][x265]-SPHD.mkv,39542871231,36.83,2160p,3840,1600,H.265,TrueHD,DV HDR10,BluRay,,113.5,46.47
2001 A Space Odyssey (1968),2001 A Space Odyssey (1968) {imdb-tt0062622} [Remux-2160p Proper][DV HDR10][DTS-HD MA 5.1][HEVC]-FraMeSToR.mkv,/mnt/media/4K Movies/2001 A Space Odyssey (1968)/2001 A Space Odyssey (1968) {imdb-tt0062622} [Remux-2160p Proper][DV HDR10][DTS-HD MA 5.1][HEVC]-FraMeSToR.mkv,77358146060,72.05,2160p,3840,2160,H.265,DTS-HD,DV HDR10,Remux,,148.8,69.31
Star Wars (1977),Star Wars (1977) {imdb-tt0076759} - [Hybrid][Bluray-2160p][TrueHD Atmos 7.1][DV HDR10][x265]-HiDt.mkv,/mnt/media/4K Movies/Star Wars (1977)/Star Wars (1977) {imdb-tt0076759} - [Hybrid][Bluray-2160p][TrueHD Atmos 7.1][DV HDR10][x265]-HiDt.mkv,30589673708,28.49,2160p,3840,1608,H.265,TrueHD,DV HDR10,BluRay,,124.8,32.69
Godzilla Minus One (2023),Godzilla Minus One (2023) {imdb-tt23289160} [Bluray-2160p][DV HDR10][TrueHD Atmos 7.1][x265]-W4NK3R.mkv,/mnt/media/4K Movies/Godzilla Minus One (2023)/Godzilla Minus One (2023) {imdb-tt23289160} [Bluray-2160p][DV HDR10][TrueHD Atmos 7.1][x265]-W4NK3R.mkv,24406058290,22.73,2160p,3840,1608,H.265,TrueHD,DV HDR10,BluRay,,124.8,26.08
Pulp Fiction (1994),Pulp Fiction (1994) {imdb-tt0110912} [Bluray-2160p][DV HDR10][DTS-HD MA 5.1][x265]-W4NK3R.mkv,/mnt/media/4K Movies/Pulp Fiction (1994)/Pulp Fiction (1994) {imdb-tt0110912} [Bluray-2160p][DV HDR10][DTS-HD MA 5.1][x265]-W4NK3R.mkv,34687441483,32.31,2160p,3840,1632,H.265,DTS-HD,DV HDR10,BluRay,,154.5,29.93
Black Panther Wakanda Forever (2022),Black Panther Wakanda Forever (2022) {imdb-tt9114286} [Bluray-2160p][DV HDR10][TrueHD Atmos 7.1][x265]-W4NK3R.mkv,/mnt/media/4K Movies/Black Panther Wakanda Forever (2022)/Black Panther Wakanda Forever (2022) {imdb-tt9114286} [Bluray-2160p][DV HDR10][TrueHD Atmos 7.1][x265]-W4NK3R.mkv,33454723870,31.16,2160p,3840,1608,H.265,TrueHD,DV HDR10,BluRay,,161.3,27.65
E.T. the Extra-Terrestrial (1982),E.T. the Extra-Terrestrial (1982) {imdb-tt0083866} [Bluray-2160p][HDR10][DTS-X 7.1][x265]-CtrlHD.mkv,/mnt/media/4K Movies/E.T. the Extra-Terrestrial (1982)/E.T. the Extra-Terrestrial (1982) {imdb-tt0083866} [Bluray-2160p][HDR10][DTS-X 7.1][x265]-CtrlHD.mkv,41672259715,38.81,2160p,3840,2076,H.265,DTS:X,HDR10,BluRay,,114.5,48.53
Heat (1995),Heat (1995) {imdb-tt0113277} [Remux-2160p][HDR10][DTS-HD MA 5.1][HEVC]-FraMeSToR.mkv,/mnt/media/4K Movies/Heat (1995)/Heat (1995) {imdb-tt0113277} [Remux-2160p][HDR10][DTS-HD MA 5.1][HEVC]-FraMeSToR.mkv,58726872500,54.69,2160p,3840,2160,H.265,DTS-HD,HDR10,Remux,,170.3,45.98
Avatar (2009),Avatar (2009) {imdb-tt0499549} [Remux-2160p Proper][HDR10][TrueHD Atmos 7.1][HEVC]-FraMeSToR.mkv,/mnt/media/4K Movies/Avatar (2009)/Avatar (2009) {imdb-tt0499549} [Remux-2160p Proper][HDR10][TrueHD Atmos 7.1][HEVC]-FraMeSToR.mkv,76504491782,71.25,2160p,3840,2160,H.265,TrueHD,HDR10,Remux,,162.0,62.95
The Lion King (1994),The Lion King (1994) {imdb-tt0110357} [Bluray-2160p][DV HDR10][TrueHD Atmos 7.1][x265]-MainFrame.mkv,/mnt/media/4K Movies/The Lion King (1994)/The Lion King (1994) {imdb-tt0110357} [Bluray-2160p][DV HDR10][TrueHD Atmos 7.1][x265]-MainFrame.mkv,20427348773,19.02,2160p,3840,2160,H.265,TrueHD,DV HDR10,BluRay,,88.4,30.81
Solo A Star Wars Story (2018),Solo A Star Wars Story (2018) {imdb-tt3778644} - [Hybrid][Bluray-2160p][TrueHD Atmos 7.1][DV HDR10][x265]-HiDt.mkv,/mnt/media/4K Movies/Solo A Star Wars Story (2018)/Solo A Star Wars Story (2018) {imdb-tt3778644} - [Hybrid][Bluray-2160p][TrueHD Atmos 7.1][DV HDR10][x265]-HiDt.mkv,33766730328,31.45,2160p,3840,1608,H.265,TrueHD,DV HDR10,BluRay,,134.8,33.4
Mission Impossible Dead Reckoning Part One (2023),Mission Impossible Dead Reckoning Part One (2023) {imdb-tt9603212} [Bluray-2160p][DV HDR10][TrueHD Atmos 7.1][x265]-W4NK3R.mkv,/mnt/media/4K Movies/Mission Impossible Dead Reckoning Part One (2023)/Mission Impossible Dead Reckoning Part One (2023) {imdb-tt9603212} [Bluray-2160p][DV HDR10][TrueHD Atmos 7.1][x265]-W4NK3R.mkv,50455600294,46.99,2160p,3840,1608,H.265,TrueHD,DV HDR10,BluRay,,163.4,41.16
Civil War (2024),Civil War (2024) {imdb-tt17279496} [Bluray-2160p][DV HDR10Plus][TrueHD Atmos 7.1][x265]-MainFrame.mkv,/mnt/media/4K Movies/Civil War (2024)/Civil War (2024) {imdb-tt17279496} [Bluray-2160p][DV HDR10Plus][TrueHD Atmos 7.1][x265]-MainFrame.mkv,24268262391,22.6,2160p,3840,2076,H.265,TrueHD,DV HDR10,BluRay,,108.8,29.75
Venom The Last Dance (2024),Venom The Last Dance (2024) {imdb-tt16366836} [Bluray-2160p][DV HDR10Plus][TrueHD Atmos 7.1][x265]-MainFrame.mkv,/mnt/media/4K Movies/Venom The Last Dance (2024)/Venom The Last Dance (2024) {imdb-tt16366836} [Bluray-2160p][DV HDR10Plus][TrueHD Atmos 7.1][x265]-MainFrame.mkv,24926551446,23.21,2160p,3840,1608,H.265,TrueHD,DV HDR10,BluRay,,109.0,30.5
Furiosa A Mad Max Saga (2024),Furiosa A Mad Max Saga (2024) {imdb-tt12037194} [Bluray-2160p][DV HDR10Plus][TrueHD Atmos 7.1][x265]-MainFrame.mkv,/mnt/media/4K Movies/Furiosa A Mad Max Saga (2024)/Furiosa A Mad Max Saga (2024) {imdb-tt12037194} [Bluray-2160p][DV HDR10Plus][TrueHD Atmos 7.1][x265]-MainFrame.mkv,43384252482,40.4,2160p,3840,1608,H.265,TrueHD,DV HDR10,BluRay,,148.2,39.03
Furiosa A Mad Max Saga (2024),Furiosa A Mad Max Saga (2024) {imdb-tt12037194} [WEBDL-2160p][DV HDR10Plus][EAC3 Atmos 5.1][h265]-FLUX.mkv,/mnt/media/4K Movies/Furiosa A Mad Max Saga (2024)/Furiosa A Mad Max Saga (2024) {imdb-tt12037194} [WEBDL-2160p][DV HDR10Plus][EAC3 Atmos 5.1][h265]-FLUX.mkv,16242741248,15.13,2160p,3840,1608,H.265,DD+,DV HDR10,WEB-DL,,148.2,14.61
Constantine (2005),Constantine (2005) {imdb-tt0360486} [Bluray-2160p][DV HDR10][TrueHD Atmos 7.1][x265]-MainFrame.mkv,/mnt/media/4K Movies/Constantine (2005)/Constantine (2005) {imdb-tt0360486} [Bluray-2160p][DV HDR10][TrueHD Atmos 7.1][x265]-MainFrame.mkv,35932453738,33.46,2160p,3840,1608,H.265,TrueHD,DV HDR10,BluRay,,120.8,39.67
Blade Runner (1982),Blade Runner (1982) {imdb-tt0083658} {edition-Final Cut} [Remux-2160p][HDR10][TrueHD Atmos 7.1][HEVC]-FraMeSToR.mkv,/mnt/media/4K Movies/Blade Runner (1982)/Blade Runner (1982) {imdb-tt0083658} {edition-Final Cut} [Remux-2160p][HDR10][TrueHD Atmos 7.1][HEVC]-FraMeSToR.mkv,49137380928,45.76,2160p,3840,2160,H.265,TrueHD,HDR10,Remux,,117.5,55.75
Twisters (2024),Twisters (2024) {imdb-tt12584954} [Bluray-2160p][DV HDR10Plus][TrueHD Atmos 7.1][x265]-SPHD.mkv,/mnt/media/4K Movies/Twisters (2024)/Twisters (2024) {imdb-tt12584954} [Bluray-2160p][DV HDR10Plus][TrueHD Atmos 7.1][x265]-SPHD.mkv,53819448081,50.12,2160p,3840,1608,H.265,TrueHD,DV HDR10,BluRay,,122.4,58.63
The Dark Knight (2008),The Dark Knight (2008) {imdb-tt0468569} [Hybrid][Remux-2160p][DV HDR10][TrueHD 5.1][HEVC]-FraMeSToR.mkv,/mnt/media/4K Movies/The Dark Knight (2008)/The Dark Knight (2008) {imdb-tt0468569} [Hybrid][Remux-2160p][DV HDR10][TrueHD 5.1][HEVC]-FraMeSToR.mkv,57715936267,53.75,2160p,3840,2160,H.265,TrueHD,DV HDR10,Remux,,152.2,50.56
John Wick (2014),John Wick (2014) {imdb-tt2911666} [Bluray-2160p][DV HDR10][TrueHD Atmos 7.1][x265]-SPHD.mkv,/mnt/media/4K Movies/John Wick (2014)/John Wick (2014) {imdb-tt2911666} [Bluray-2160p][DV HDR10][TrueHD Atmos 7.1][x265]-SPHD.mkv,43602007830,40.61,2160p,3836,1600,H.265,TrueHD,DV HDR10,BluRay,,101.2,57.43
Avengers Age of Ultron (2015),Avengers Age of Ultron (2015) {imdb-tt2395427} [Hybrid][Remux-2160p][DV HDR10][TrueHD Atmos 7.1][HEVC]-FraMeSToR.mkv,/mnt/media/4K Movies/Avengers Age of Ultron (2015)/Avengers Age of Ultron (2015) {imdb-tt2395427} [Hybrid][Remux-2160p][DV HDR10][TrueHD Atmos 7.1][HEVC]-FraMeSToR.mkv,52954953563,49.32,2160p,3840,2160,H.265,TrueHD,DV HDR10,Remux,,141.3,49.96
Logan (2017),Logan (2017) {imdb-tt3315342} [Bluray-2160p][HDR10][TrueHD Atmos 7.1][x265]-CtrlHD.mkv,/mnt/media/4K Movies/Logan (2017)/Logan (2017) {imdb-tt3315342} [Bluray-2160p][HDR10][TrueHD Atmos 7.1][x265]-CtrlHD.mkv,21025415409,19.58,2160p,3840,1604,H.265,TrueHD,HDR10,BluRay,,137.4,20.4
Dune Part Two (2024),Dune Part Two (2024) {imdb-tt15239678} [Bluray-2160p][DV HDR10][TrueHD Atmos 7.1][x265]-MainFrame.mkv,/mnt/media/4K Movies/Dune Part Two (2024)/Dune Part Two (2024) {imdb-tt15239678} [Bluray-2160p][DV HDR10][TrueHD Atmos 7.1][x265]-MainFrame.mkv,35311364523,32.89,2160p,3840,1608,H.265,TrueHD,DV HDR10,BluRay,,165.8,28.39
Twister (1996),Twister (1996) {imdb-tt0117998} [Bluray-2160p][DV HDR10][TrueHD Atmos 7.1][x265]-MainFrame.mkv,/mnt/media/4K Movies/Twister (1996)/Twister (1996) {imdb-tt0117998} [Bluray-2160p][DV HDR10][TrueHD Atmos 7.1][x265]-MainFrame.mkv,34692465899,32.31,2160p,3840,1608,H.265,TrueHD,DV HDR10,BluRay,,113.1,40.91
Man of Steel (2013),Man of Steel (2013) {imdb-tt0770828} [Bluray-2160p][DV HDR10][TrueHD Atmos 7.1][x265]-SPHD.mkv,/mnt/media/4K Movies/Man of Steel (2013)/Man of Steel (2013) {imdb-tt0770828} [Bluray-2160p][DV HDR10][TrueHD Atmos 7.1][x265]-SPHD.mkv,51532340895,47.99,2160p,3840,1600,H.265,TrueHD,DV HDR10,BluRay,,143.0,48.05
Pacific Rim Uprising (2018),Pacific Rim Uprising (2018) {imdb-tt2557478} [Bluray-2160p][DV HDR10][TrueHD Atmos 7.1][x265]-W4NK3R.mkv,/mnt/media/4K Movies/Pacific Rim Uprising (2018)/Pacific Rim Uprising (2018) {imdb-tt2557478} [Bluray-2160p][DV HDR10][TrueHD Atmos 7.1][x265]-W4NK3R.mkv,32544472499,30.31,2160p,3840,1600,H.265,TrueHD,DV HDR10,BluRay,,110.7,39.19
TRON Legacy (2010),TRON Legacy (2010) {imdb-tt1104001} - {edition-IMAX} [Bluray-2160p][TrueHD Atmos 7.1][DV HDR10][x265]-SPHD.mkv,/mnt/media/4K Movies/TRON Legacy (2010)/TRON Legacy (2010) {imdb-tt1104001} - {edition-IMAX} [Bluray-2160p][TrueHD Atmos 7.1][DV HDR10][x265]-SPHD.mkv,38988504391,36.31,2160p,3840,2160,H.265,TrueHD,DV HDR10,BluRay,,125.1,41.54
Iron Man 2 (2010),Iron Man 2 (2010) {imdb-tt1228705} [Bluray-2160p][DV HDR10][TrueHD Atmos 7.1][x265]-MainFrame.mkv,/mnt/media/4K Movies/Iron Man 2 (2010)/Iron Man 2 (2010) {imdb-tt1228705} [Bluray-2160p][DV HDR10][TrueHD Atmos 7.1][x265]-MainFrame.mkv,26097461462,24.31,2160p,3840,1632,H.265,TrueHD,DV HDR10,BluRay,,124.6,27.92
Pitch Black (2000),Pitch Black (2000) {imdb-tt0134847} {edition-Director's Cut} [Remux-2160p][DV HDR10][TrueHD Atmos 7.1][HEVC]-FraMeSToR.mkv,/mnt/media/4K Movies/Pitch Black (2000)/Pitch Black (2000) {imdb-tt0134847} {edition-Director's Cut} [Remux-2160p][DV HDR10][TrueHD Atmos 7.1][HEVC]-FraMeSToR.mkv,51828856170,48.27,2160p,3840,2160,H.265,TrueHD,DV HDR10,Remux,,111.9,61.76
Uncharted (2022),Uncharted (2022) {imdb-tt1464335} [Bluray-2160p][DV HDR10][TrueHD Atmos 7.1][x265]-W4NK3R.mkv,/mnt/media/4K Movies/Uncharted (2022)/Uncharted (2022) {imdb-tt1464335} [Bluray-2160p][DV HDR10][TrueHD Atmos 7.1][x265]-W4NK3R.mkv,32080055301,29.88,2160p,3840,1608,H.265,TrueHD,DV HDR10,BluRay,,115.9,36.91
The Matrix (1999),The Matrix (1999) {imdb-tt0133093} [Bluray-2160p][DV HDR10][TrueHD Atmos 7.1][x265]-W4NK3R.mkv,/mnt/media/4K Movies/The Matrix (1999)/The Matrix (1999) {imdb-tt0133093} [Bluray-2160p][DV HDR10][TrueHD Atmos 7.1][x265]-W4NK3R.mkv,43049373946,40.09,2160p,3840,1600,H.265,TrueHD,DV HDR10,BluRay,,136.3,42.11
The Matrix Resurrections (2021),The Matrix Resurrections (2021) {imdb-tt10838180} [Bluray-2160p][DV HDR10][TrueHD Atmos 7.1][x265]-W4NK3R.mkv,/mnt/media/4K Movies/The Matrix Resurrections (2021)/The Matrix Resurrections (2021) {imdb-tt10838180} [Bluray-2160p][DV HDR10][TrueHD Atmos 7.1][x265]-W4NK3R.mkv,51054251028,47.55,2160p,3840,1608,H.265,TrueHD,DV HDR10,BluRay,,148.0,46.01
Ant-Man and the Wasp Quantumania (2023),Ant-Man and the Wasp Quantumania (2023) {imdb-tt10954600} [Bluray-2160p][DV HDR10][TrueHD Atmos 7.1][x265]-SPHD.mkv,/mnt/media/4K Movies/Ant-Man and the Wasp Quantumania (2023)/Ant-Man and the Wasp Quantumania (2023) {imdb-tt10954600} [Bluray-2160p][DV HDR10][TrueHD Atmos 7.1][x265]-SPHD.mkv,35845429655,33.38,2160p,3840,1608,H.265,TrueHD,DV HDR10,BluRay,,124.5,38.39
Ant-Man (2015),Ant-Man (2015) {imdb-tt0478970} [Bluray-2160p][DV HDR10][TrueHD Atmos 7.1][x265]-W4NK3R.mkv,/mnt/media/4K Movies/Ant-Man (2015)/Ant-Man (2015) {imdb-tt0478970} [Bluray-2160p][DV HDR10][TrueHD Atmos 7.1][x265]-W4NK3R.mkv,19207971893,17.89,2160p,3840,2076,H.265,TrueHD,DV HDR10,BluRay,,117.1,21.87
Ant-Man and the Wasp (2018),Ant-Man and the Wasp (2018) {imdb-tt5095030} [Bluray-2160p][DV HDR10][TrueHD Atmos 7.1][x265]-W4NK3R.mkv,/mnt/media/4K Movies/Ant-Man and the Wasp (2018)/Ant-Man and the Wasp (2018) {imdb-tt5095030} [Bluray-2160p][DV HDR10][TrueHD Atmos 7.1][x265]-W4NK3R.mkv,22279565978,20.75,2160p,3840,1608,H.265,TrueHD,DV HDR10,BluRay,,118.2,25.14
The Super Mario Bros. Movie (2023),The Super Mario Bros. Movie (2023) {imdb-tt6718170} [Bluray-2160p][DV HDR10][TrueHD Atmos 7.1][x265]-W4NK3R.mkv,/mnt/media/4K Movies/The Super Mario Bros. Movie (2023)/The Super Mario Bros. Movie (2023) {imdb-tt6718170} [Bluray-2160p][DV HDR10][TrueHD Atmos 7.1][x265]-W4NK3R.mkv,23008761571,21.43,2160p,3840,1608,H.265,TrueHD,DV HDR10,BluRay,,92.4,33.2
The Mummy (1999),The Mummy (1999) {imdb-tt0120616} [Bluray-2160p][HDR10][DTS-X 7.1][x265]-IAMABLE.mkv,/mnt/media/4K Movies/The Mummy (1999)/The Mummy (1999) {imdb-tt0120616} [Bluray-2160p][HDR10][DTS-X 7.1][x265]-IAMABLE.mkv,34922390576,32.52,2160p,3840,1636,H.265,DTS:X,HDR10,BluRay,,124.8,37.3
The Mummy Returns (2001),The Mummy Returns (2001) {imdb-tt0209163} [Bluray-2160p][HDR10][DTS-X 7.1][x265]-CtrlHD.mkv,/mnt/media/4K Movies/The Mummy Returns (2001)/The Mummy Returns (2001) {imdb-tt0209163} [Bluray-2160p][HDR10][DTS-X 7.1][x265]-CtrlHD.mkv,48929789155,45.57,2160p,3840,1632,H.265,DTS:X,HDR10,BluRay,,129.5,50.36
John Wick Chapter 4 (2022),John Wick Chapter 4 (2023) {imdb-tt10366206} [Bluray-2160p][DV HDR10][TrueHD Atmos 7.1][x265]-SPHD.mkv,/mnt/media/4K Movies/John Wick Chapter 4 (2022)/John Wick Chapter 4 (2023) {imdb-tt10366206} [Bluray-2160p][DV HDR10][TrueHD Atmos 7.1][x265]-SPHD.mkv,47347063614,44.1,2160p,3840,1608,H.265,TrueHD,DV HDR10,BluRay,,169.3,37.29
Shazam! Fury of the Gods (2023),Shazam! Fury of the Gods (2023) {imdb-tt10151854} [Bluray-2160p][DV HDR10][TrueHD Atmos 7.1][x265]-W4NK3R.mkv,/mnt/media/4K Movies/Shazam! Fury of the Gods (2023)/Shazam! Fury of the Gods (2023) {imdb-tt10151854} [Bluray-2160p][DV HDR10][TrueHD Atmos 7.1][x265]-W4NK3R.mkv,40464667352,37.69,2160p,3840,1608,H.265,TrueHD,DV HDR10,BluRay,,130.3,41.42
Shazam! (2019),Shazam! (2019) {imdb-tt0448115} [Bluray-2160p][DV HDR10][TrueHD Atmos 7.1][x265]-W4NK3R.mkv,/mnt/media/4K Movies/Shazam! (2019)/Shazam! (2019) {imdb-tt0448115} [Bluray-2160p][DV HDR10][TrueHD Atmos 7.1][x265]-W4NK3R.mkv,53068842385,49.42,2160p,3840,1608,H.265,TrueHD,DV HDR10,BluRay,,131.7,53.72
Ad Astra (2019),Ad Astra (2019) {imdb-tt2935510} [Bluray-2160p][DV HDR10][TrueHD Atmos 7.1][x265]-KeYBLaDE.mkv,/mnt/media/4K Movies/Ad Astra (2019)/Ad Astra (2019) {imdb-tt2935510} [Bluray-2160p][DV HDR10][TrueHD Atmos 7.1][x265]-KeYBLaDE.mkv,27841043730,25.93,2160p,3840,1600,H.265,TrueHD,DV HDR10,BluRay,,123.0,30.17
The Shawshank Redemption (1994),The Shawshank Redemption (1994) {imdb-tt0111161} [Bluray-2160p][DV HDR10][EAC3 5.1][x265]-hallowed.mkv,/mnt/media/4K Movies/The Shawshank Redemption (1994)/The Shawshank Redemption (1994) {imdb-tt0111161} [Bluray-2160p][DV HDR10][EAC3 5.1][x265]-hallowed.mkv,17932489875,16.7,2160p,3840,2076,H.265,DD+,DV HDR10,BluRay,,142.5,16.77
Pacific Rim (2013),Pacific Rim (2013) {imdb-tt1663662} [Bluray-2160p][DV HDR10][TrueHD Atmos 7.1][x265]-MainFrame.mkv,/mnt/media/4K Movies/Pacific Rim (2013)/Pacific Rim (2013) {imdb-tt1663662} [Bluray-2160p][DV HDR10][TrueHD Atmos 7.1][x265]-MainFrame.mkv,18481905664,17.21,2160p,3840,2160,H.265,TrueHD,DV HDR10,BluRay,,131.3,18.77
Mission Impossible III (2006),Mission Impossible III (2006) {imdb-tt0317919} [Bluray-2160p][DV HDR10][TrueHD 5.1][x265]-SPHD.mkv,/mnt/media/4K Movies/Mission Impossible III (2006)/Mission Impossible III (2006) {imdb-tt0317919} [Bluray-2160p][DV HDR10][TrueHD 5.1][x265]-SPHD.mkv,31350084439,29.2,2160p,3840,1600,H.265,TrueHD,DV HDR10,BluRay,,125.4,33.33
Mission Impossible Ghost Protocol (2011),Mission Impossible Ghost Protocol (2011) {imdb-tt1229238} [Bluray-2160p][HDR10][TrueHD 7.1][x265]-HQMUX.mkv,/mnt/media/4K Movies/Mission Impossible Ghost Protocol (2011)/Mission Impossible Ghost Protocol (2011) {imdb-tt1229238} [Bluray-2160p][HDR10][TrueHD 7.1][x265]-HQMUX.mkv,27617674989,25.72,2160p,3840,1600,H.265,TrueHD,HDR10,BluRay,,132.9,27.7
Bumblebee (2018),Bumblebee (2018) {imdb-tt4701182} [Bluray-2160p][DV HDR10][TrueHD Atmos 7.1][x265]-MainFrame.mkv,/mnt/media/4K Movies/Bumblebee (2018)/Bumblebee (2018) {imdb-tt4701182} [Bluray-2160p][DV HDR10][TrueHD Atmos 7.1][x265]-MainFrame.mkv,32049157604,29.85,2160p,3840,2160,H.265,TrueHD,DV HDR10,BluRay,,113.9,37.52
Kong Skull Island (2017),Kong.Skull Island.2017.2160p.UHD.BluRay.TrueHD7.1.Atmos.x265-HQMUX.mkv,/mnt/media/4K Movies/Kong Skull Island (2017)/Kong.Skull Island.2017.2160p.UHD.BluRay.TrueHD7.1.Atmos.x265-HQMUX.mkv,26161201735,24.36,2160p,3840,1600,H.265,TrueHD,,BluRay,,118.4,29.45
Star Trek First Contact (1996),Star Trek First Contact (1996) {imdb-tt0117731} [Bluray-2160p][DV HDR10][TrueHD 7.1][x265]-SPHD.mkv,/mnt/media/4K Movies/Star Trek First Contact (1996)/Star Trek First Contact (1996) {imdb-tt0117731} [Bluray-2160p][DV HDR10][TrueHD 7.1][x265]-SPHD.mkv,35182782033,32.77,2160p,3840,1632,H.265,TrueHD,DV HDR10,BluRay,,110.7,42.38
Alita Battle Angel (2019),Alita Battle Angel 2019 REPACK 2160p UHD BluRay HDR10+ TrueHD Atmos 7.1 x265-DON.mkv,/mnt/media/4K Movies/Alita Battle Angel (2019)/Alita Battle Angel 2019 REPACK 2160p UHD BluRay HDR10+ TrueHD Atmos 7.1 x265-DON.mkv,31571701225,29.4,2160p,3840,1608,H.265,TrueHD,HDR10+,BluRay,,122.0,34.52
Zombieland (2009),Zombieland (2009) {imdb-tt1156398} [Bluray-2160p][DV HDR10][TrueHD Atmos 7.1][x265]-MainFrame.mkv,/mnt/media/4K Movies/Zombieland (2009)/Zombieland (2009) {imdb-tt1156398} [Bluray-2160p][DV HDR10][TrueHD Atmos 7.1][x265]-MainFrame.mkv,24432710152,22.75,2160p,3840,1604,H.265,TrueHD,DV HDR10,BluRay,,87.7,37.14
The Terminator (1984),The Terminator (1984) {imdb-tt0088247} - [Bluray-2160p][TrueHD Atmos 7.1][DV HDR10][x265]-SPHD.mkv,/mnt/media/4K Movies/The Terminator (1984)/The Terminator (1984) {imdb-tt0088247} - [Bluray-2160p][TrueHD Atmos 7.1][DV HDR10][x265]-SPHD.mkv,42335214271,39.43,2160p,3840,2076,H.265,TrueHD,DV HDR10,BluRay,,107.4,52.57
Master and Commander The Far Side of the World (2003),Master and Commander The Far Side of the World (2003) {imdb-tt0311113} - [Bluray-2160p][TrueHD Atmos 7.1][DV HDR10][x265]-SPHD.mkv,/mnt/media/4K Movies/Master and Commander The Far Side of the World (2003)/Master and Commander The Far Side of the World (2003) {imdb-tt0311113} - [Bluray-2160p][TrueHD Atmos 7.1][DV HDR10][x265]-SPHD.mkv,44123422249,41.09,2160p,3840,1600,H.265,TrueHD,DV HDR10,BluRay,,138.4,42.52
Warfare (2025),Warfare (2025) {imdb-tt31434639} - [Bluray-2160p][TrueHD Atmos 7.1][DV HDR10Plus][x265]-MainFrame.mkv,/mnt/media/4K Movies/Warfare (2025)/Warfare (2025) {imdb-tt31434639} - [Bluray-2160p][TrueHD Atmos 7.1][DV HDR10Plus][x265]-MainFrame.mkv,26182971447,24.38,2160p,3840,1920,H.265,TrueHD,DV HDR10,BluRay,,95.5,36.56
Superman (2025),Superman (2025) {imdb-tt5950044} - [Bluray-2160p][TrueHD Atmos 7.1][DV HDR10Plus][x265]-SPHD.mkv,/mnt/media/4K Movies/Superman (2025)/Superman (2025) {imdb-tt5950044} - [Bluray-2160p][TrueHD Atmos 7.1][DV HDR10Plus][x265]-SPHD.mkv,46678490458,43.47,2160p,3840,2024,H.265,TrueHD,DV HDR10,BluRay,,129.4,48.11
Mission Impossible 8 (2025),Mission Impossible The Final Reckoning (2025) {imdb-tt9603208} - {edition-IMAX} [Bluray-2160p][TrueHD Atmos 7.1][DV HDR10Plus][x265]-SPHD.mkv,/mnt/media/4K Movies/Mission Impossible 8 (2025)/Mission Impossible The Final Reckoning (2025) {imdb-tt9603208} - {edition-IMAX} [Bluray-2160p][TrueHD Atmos 7.1][DV HDR10Plus][x265]-SPHD.mkv,51222832410,47.7,2160p,3840,2024,H.265,TrueHD,DV HDR10,BluRay,,169.6,40.27
Tron (1982),Tron (1982) {imdb-tt0084827} - [Bluray-2160p][TrueHD Atmos 7.1][DV HDR10][x265]-SPx.mkv,/mnt/media/4K Movies/Tron (1982)/Tron (1982) {imdb-tt0084827} - [Bluray-2160p][TrueHD Atmos 7.1][DV HDR10][x265]-SPx.mkv,16162162646,15.05,2160p,3840,2160,H.265,TrueHD,DV HDR10,BluRay,,95.8,22.5
The Fantastic 4 First Steps (2025),The Fantastic 4 First Steps (2025) {imdb-tt10676052} - [Bluray-2160p][TrueHD Atmos 7.1][DV HDR10][x265]-SPx.mkv,/mnt/media/4K Movies/The Fantastic 4 First Steps (2025)/The Fantastic 4 First Steps (2025) {imdb-tt10676052} - [Bluray-2160p][TrueHD Atmos 7.1][DV HDR10][x265]-SPx.mkv,24095566401,22.44,2160p,3840,1608,H.265,TrueHD,DV HDR10,BluRay,,114.7,28.01
Terminator Dark Fate (2019),Terminator Dark Fate (2019) {imdb-tt6450804} [Bluray-2160p Proper][DV HDR10][TrueHD Atmos 7.1][x265]-DON.mkv,/mnt/media/4K Movies/Terminator Dark Fate (2019)/Terminator Dark Fate (2019) {imdb-tt6450804} [Bluray-2160p Proper][DV HDR10][TrueHD Atmos 7.1][x265]-DON.mkv,28677543469,26.71,2160p,3840,1608,H.265,TrueHD,DV HDR10,BluRay,,128.1,29.85
1917 (2019),1917.2019.2160p.UHD.Blu-ray.Atmos.x265 - HQMUX.mkv,/mnt/media/4K Movies/1917 (2019)/1917.2019.2160p.UHD.Blu-ray.Atmos.x265 - HQMUX.mkv,34041897267,31.7,2160p,3840,1600,H.265,,,BluRay,,119.0,38.14
The Hobbit The Battle of the Five Armies (2014),The.Hobbit.The.Battle.of.the.Five.Armies.2014.Extended.Cut.UHD.BluRay.2160p.TrueHD.Atmos.7.1.DV.HEVC.REMUX-FraMeSToR.mkv,/mnt/media/4K Movies/The Hobbit The Battle of the Five Armies (2014)/The.Hobbit.The.Battle.of.the.Five.Armies.2014.Extended.Cut.UHD.BluRay.2160p.TrueHD.Atmos.7.1.DV.HEVC.REMUX-FraMeSToR.mkv,64520564342,60.09,2160p,3840,2160,H.265,TrueHD Atmos,DV,Remux,,164.1,52.44
Total Recall (1990),Total.Recall.1990.UHD.BluRay.2160p.TrueHD.Atmos.7.1.DV.HEVC.REMUX-FraMeSToR.mkv,/mnt/media/4K Movies/Total Recall (1990)/Total.Recall.1990.UHD.BluRay.2160p.TrueHD.Atmos.7.1.DV.HEVC.REMUX-FraMeSToR.mkv,53080528946,49.44,2160p,3840,2160,H.265,TrueHD Atmos,DV,Remux,,113.3,62.48
The Ten Commandments (1956),The.Ten.Commandments.1956.UHD.BluRay.2160p.DTS-HD.MA.5.1.DV.HEVC.REMUX-FraMeSToR.mkv,/mnt/media/4K Movies/The Ten Commandments (1956)/The.Ten.Commandments.1956.UHD.BluRay.2160p.DTS-HD.MA.5.1.DV.HEVC.REMUX-FraMeSToR.mkv,93392528172,86.98,2160p,3840,2160,H.265,DTS-HD MA,DV,Remux,,231.6,53.76
Cars (2006),Cars.2006.2160p.UHD.BluRay.TrueHD.7.1.HDR.x265-CtrlHD.mkv,/mnt/media/4K Movies/Cars (2006)/Cars.2006.2160p.UHD.BluRay.TrueHD.7.1.HDR.x265-CtrlHD.mkv,26506995128,24.69,2160p,3840,1604,H.265,TrueHD,HDR,BluRay,,116.8,30.27
Rise of the Planet of the Apes (2011),Rise of the Planet of the Apes (2011) {imdb-tt1318514} [Bluray-2160p][DV HDR10][EAC3 5.1][x265]-HONE.mkv,/mnt/media/4K Movies/Rise of the Planet of the Apes (2011)/Rise of the Planet of the Apes (2011) {imdb-tt1318514} [Bluray-2160p][DV HDR10][EAC3 5.1][x265]-HONE.mkv,19414191355,18.08,2160p,3840,1636,H.265,DD+,DV HDR10,BluRay,,104.9,24.67
Guardians of the Galaxy Vol. 3 (2023),Guardians of the Galaxy Vol. 3 (2023) {imdb-tt6791350} - {edition-IMAX} [Bluray-2160p][TrueHD Atmos 7.1][DV HDR10][x265]-SPHD.mkv,/mnt/media/4K Movies/Guardians of the Galaxy Vol. 3 (2023)/Guardians of the Galaxy Vol. 3 (2023) {imdb-tt6791350} - {edition-IMAX} [Bluray-2160p][TrueHD Atmos 7.1][DV HDR10][x265]-SPHD.mkv,37259213389,34.7,2160p,3840,2024,H.265,TrueHD,DV HDR10,BluRay,,150.0,33.11
Thunderbolts- (2025),Thunderbolts- (2025) {imdb-tt20969586} - [Bluray-2160p][TrueHD Atmos 7.1][DV HDR10][x265]-D3US.mkv,/mnt/media/4K Movies/Thunderbolts- (2025)/Thunderbolts- (2025) {imdb-tt20969586} - [Bluray-2160p][TrueHD Atmos 7.1][DV HDR10][x265]-D3US.mkv,28503187952,26.55,2160p,3840,1608,H.265,TrueHD,DV HDR10,BluRay,,126.8,29.96
What Happened to Monday (2017),What Happened to Monday (2017) {imdb-tt1536537} [Bluray-2160p][PQ][TrueHD 5.1][x265]-BEN.mkv,/mnt/media/4K Movies/What Happened to Monday (2017)/What Happened to Monday (2017) {imdb-tt1536537} [Bluray-2160p][PQ][TrueHD 5.1][x265]-BEN.mkv,26560416246,24.74,2160p,3840,1604,H.265,TrueHD,,BluRay,,123.5,28.67
Dracula (1992),Bram Stokers Dracula (1992) {imdb-tt0103874} [Remux-2160p][DV HDR10][TrueHD Atmos 7.1][HEVC]-FraMeSToR.mkv,/mnt/media/4K Movies/Dracula (1992)/Bram Stokers Dracula (1992) {imdb-tt0103874} [Remux-2160p][DV HDR10][TrueHD Atmos 7.1][HEVC]-FraMeSToR.mkv,65798979298,61.28,2160p,3840,2160,H.265,TrueHD,DV HDR10,Remux,,127.4,68.88
John Wick Chapter 3 Parabellum (2019),John.Wick.Chapter.3.Parabellum.2019.2160p.UHD.BluRay.TrueHD.7.1.HDR.x265-CtrlHD.mkv,/mnt/media/4K Movies/John Wick Chapter 3 Parabellum (2019)/John.Wick.Chapter.3.Parabellum.2019.2160p.UHD.BluRay.TrueHD.7.1.HDR.x265-CtrlHD.mkv,36121444057,33.64,2160p,3840,1600,H.265,TrueHD,HDR,BluRay,,130.8,36.83
Star Trek II The Wrath of Khan (1982),Star Trek II The Wrath of Khan (1982) {imdb-tt0084726} {edition-Theatrical Cut} [Bluray-2160p Proper][DV HDR10][EAC3 7.1][x265]-hallowed.mkv,/mnt/media/4K Movies/Star Trek II The Wrath of Khan (1982)/Star Trek II The Wrath of Khan (1982) {imdb-tt0084726} {edition-Theatrical Cut} [Bluray-2160p Proper][DV HDR10][EAC3 7.1][x265]-hallowed.mkv,16002711513,14.9,2160p,3840,2160,H.265,DD+,DV HDR10,BluRay,,113.1,18.87
A Beautiful Planet (2016),A Beautiful Planet (2016) {imdb-tt2800050} [Remux-2160p][HDR10Plus][DTS-X 7.1][HEVC]-FraMeSToR.mkv,/mnt/media/4K Movies/A Beautiful Planet (2016)/A Beautiful Planet (2016) {imdb-tt2800050} [Remux-2160p][HDR10Plus][DTS-X 7.1][HEVC]-FraMeSToR.mkv,18605757846,17.33,2160p,3840,2160,H.265,DTS:X,HDR10+,Remux,,46.3,53.6
Avengers Endgame (2019),Avengers Endgame (2019) {imdb-tt4154796} [Hybrid][Remux-2160p][DV HDR10][TrueHD Atmos 7.1][HEVC]-FraMeSToR.mkv,/mnt/media/4K Movies/Avengers Endgame (2019)/Avengers Endgame (2019) {imdb-tt4154796} [Hybrid][Remux-2160p][DV HDR10][TrueHD Atmos 7.1][HEVC]-FraMeSToR.mkv,57877634184,53.9,2160p,3840,2160,H.265,TrueHD,DV HDR10,Remux,,181.2,42.59
Godzilla King of the Monsters (2019),Godzilla.King.of.the.Monsters.2019.2160p.UHD.BluRay.HDR.x265.Atmos.TrueHD7.1-HDChina.mkv,/mnt/media/4K Movies/Godzilla King of the Monsters (2019)/Godzilla.King.of.the.Monsters.2019.2160p.UHD.BluRay.HDR.x265.Atmos.TrueHD7.1-HDChina.mkv,31882560385,29.69,2160p,3840,1600,H.265,TrueHD Atmos,HDR,BluRay,,131.7,32.27
Mission Impossible II (2000),Mission.Impossible.II.2000.2160p.UHD.BluRay.HEVC.DV.TrueHD.5.1.x265-SPHD.mkv,/mnt/media/4K Movies/Mission Impossible II (2000)/Mission.Impossible.II.2000.2160p.UHD.BluRay.HEVC.DV.TrueHD.5.1.x265-SPHD.mkv,31473759544,29.31,2160p,3840,1632,H.265,TrueHD,DV,BluRay,,123.6,33.95
Deadpool (2016),Deadpool (2016) {imdb-tt1431045} [Hybrid][Bluray-2160p][DV HDR10][TrueHD Atmos 7.1][x265]-SEV.mkv,/mnt/media/4K Movies/Deadpool (2016)/Deadpool (2016) {imdb-tt1431045} [Hybrid][Bluray-2160p][DV HDR10][TrueHD Atmos 7.1][x265]-SEV.mkv,24070741571,22.42,2160p,3840,2160,H.265,TrueHD,DV HDR10,BluRay,,108.1,29.69
Star Trek III The Search for Spock (1984),Star Trek III The Search for Spock (1984) {imdb-tt0088170} [Bluray-2160p Proper][DV HDR10][EAC3 7.1][x265]-hallowed.mkv,/mnt/media/4K Movies/Star Trek III The Search for Spock (1984)/Star Trek III The Search for Spock (1984) {imdb-tt0088170} [Bluray-2160p Proper][DV HDR10][EAC3 7.1][x265]-hallowed.mkv,14901032987,13.88,2160p,3840,1632,H.265,DD+,DV HDR10,BluRay,,105.2,18.88
Star Trek Generations (1994) {imdb-tt0111280},Star Trek Generations (1994) {imdb-tt0111280} [Bluray-2160p][DV HDR10][TrueHD 7.1][x265]-SPHD.mkv,/mnt/media/4K Movies/Star Trek Generations (1994) {imdb-tt0111280}/Star Trek Generations (1994) {imdb-tt0111280} [Bluray-2160p][DV HDR10][TrueHD 7.1][x265]-SPHD.mkv,29457692753,27.43,2160p,3840,1608,H.265,TrueHD,DV HDR10,BluRay,,118.0,33.3
Spider-Man No Way Home (2021),Spider-Man No Way Home (2021) {imdb-tt10872600} [Bluray-2160p Proper][DV HDR10][TrueHD Atmos 7.1][x265]-W4NK3R.mkv,/mnt/media/4K Movies/Spider-Man No Way Home (2021)/Spider-Man No Way Home (2021) {imdb-tt10872600} [Bluray-2160p Proper][DV HDR10][TrueHD Atmos 7.1][x265]-W4NK3R.mkv,24335996369,22.66,2160p,3840,1608,H.265,TrueHD,DV HDR10,BluRay,,148.2,21.9
Top Gun (1986),Top Gun (1986) {imdb-tt0092099} [Bluray-2160p][DV HDR10][EAC3 7.1][x265]-hallowed.mkv,/mnt/media/4K Movies/Top Gun (1986)/Top Gun (1986) {imdb-tt0092099} [Bluray-2160p][DV HDR10][EAC3 7.1][x265]-hallowed.mkv,15504896442,14.44,2160p,3840,1600,H.265,DD+,DV HDR10,BluRay,,109.4,18.89
Mission Impossible (1996),Mission Impossible (1996) {imdb-tt0117060} [Bluray-2160p][DV HDR10][TrueHD 5.1][x265]-SPHD.mkv,/mnt/media/4K Movies/Mission Impossible (1996)/Mission Impossible (1996) {imdb-tt0117060} [Bluray-2160p][DV HDR10][TrueHD 5.1][x265]-SPHD.mkv,34869193363,32.47,2160p,3840,1600,H.265,TrueHD,DV HDR10,BluRay,,110.2,42.18
Alien Romulus (2024),Alien Romulus (2024) {imdb-tt18412256} [Bluray-2160p][DV HDR10][TrueHD Atmos 7.1][x265]-W4NK3R.mkv,/mnt/media/4K Movies/Alien Romulus (2024)/Alien Romulus (2024) {imdb-tt18412256} [Bluray-2160p][DV HDR10][TrueHD Atmos 7.1][x265]-W4NK3R.mkv,31313093181,29.16,2160p,3840,1608,H.265,TrueHD,DV HDR10,BluRay,,119.0,35.08
Indiana Jones and the Dial of Destiny (2023),Indiana Jones and the Dial of Destiny (2023) {imdb-tt1462764} [Hybrid][Remux-2160p][DV HDR10][TrueHD Atmos 7.1][HEVC]-FraMeSToR.mkv,/mnt/media/4K Movies/Indiana Jones and the Dial of Destiny (2023)/Indiana Jones and the Dial of Destiny (2023) {imdb-tt1462764} [Hybrid][Remux-2160p][DV HDR10][TrueHD Atmos 7.1][HEVC]-FraMeSToR.mkv,77145319269,71.85,2160p,3840,2160,H.265,TrueHD,DV HDR10,Remux,,154.5,66.59
TRON Ares (2025),TRON Ares (2025) {imdb-tt6604188} - [MA][WEBDL-2160p][EAC3 Atmos 5.1][DV HDR10][h265]-BYNDR.mkv,/mnt/media/4K Movies/TRON Ares (2025)/TRON Ares (2025) {imdb-tt6604188} - [MA][WEBDL-2160p][EAC3 Atmos 5.1][DV HDR10][h265]-BYNDR.mkv,22572583032,21.02,2160p,3840,2160,H.265,DD+,DV HDR10,WEB-DL,,118.7,25.36
Extraction (2020),Extraction (2020) {imdb-tt8936646} [NF][WEBDL-2160p][DV HDR10][EAC3 Atmos 5.1][HEVC]-SiC.mkv,/mnt/media/4K Movies/Extraction (2020)/Extraction (2020) {imdb-tt8936646} [NF][WEBDL-2160p][DV HDR10][EAC3 Atmos 5.1][HEVC]-SiC.mkv,14056684678,13.09,2160p,3840,2160,H.265,DD+,DV HDR10,WEB-DL,,116.0,16.16
Extraction 2 (2023),Extraction 2 (2023) {imdb-tt12263384} [NF][WEBDL-2160p][DV HDR10][EAC3 Atmos 5.1][h265]-HONE.mkv,/mnt/media/4K Movies/Extraction 2 (2023)/Extraction 2 (2023) {imdb-tt12263384} [NF][WEBDL-2160p][DV HDR10][EAC3 Atmos 5.1][h265]-HONE.mkv,18352334997,17.09,2160p,3840,2160,H.265,DD+,DV HDR10,WEB-DL,,124.0,19.74
The Godfather Part III (1990),The Godfather Part III (1990) {imdb-tt0099674} - {edition-Directors Cut} [Bluray-2160p][TrueHD 5.1][DV HDR10][x265]-SPHD.mkv,/mnt/media/4K Movies/The Godfather Part III (1990)/The Godfather Part III (1990) {imdb-tt0099674} - {edition-Directors Cut} [Bluray-2160p][TrueHD 5.1][DV HDR10][x265]-SPHD.mkv,49240955052,45.86,2160p,3840,2076,H.265,TrueHD,DV HDR10,BluRay,,170.1,38.59
Black Adam (2022),Black Adam.2022.2160p.UHD.BluRay.HDR.DoVi.TrueHD 7.1.Atmos.x265-SPHD.mkv,/mnt/media/4K Movies/Black Adam (2022)/Black Adam.2022.2160p.UHD.BluRay.HDR.DoVi.TrueHD 7.1.Atmos.x265-SPHD.mkv,33544622901,31.24,2160p,3840,1608,H.265,TrueHD,DV,BluRay,,124.9,35.82
Star Trek Insurrection (1998) {imdb-tt0120844},Star Trek Insurrection (1998) {imdb-tt0120844} [Bluray-2160p][DV HDR10][TrueHD 7.1][x265]-SPHD.mkv,/mnt/media/4K Movies/Star Trek Insurrection (1998) {imdb-tt0120844}/Star Trek Insurrection (1998) {imdb-tt0120844} [Bluray-2160p][DV HDR10][TrueHD 7.1][x265]-SPHD.mkv,30529617415,28.43,2160p,3840,1608,H.265,TrueHD,DV HDR10,BluRay,,103.0,39.53
Star Trek Nemesis (2002) {imdb-tt0253754},Star Trek Nemesis (2002) {imdb-tt0253754} [Bluray-2160p][DV HDR10][TrueHD 7.1][x265]-SPHD.mkv,/mnt/media/4K Movies/Star Trek Nemesis (2002) {imdb-tt0253754}/Star Trek Nemesis (2002) {imdb-tt0253754} [Bluray-2160p][DV HDR10][TrueHD 7.1][x265]-SPHD.mkv,31175618190,29.03,2160p,3840,1632,H.265,TrueHD,DV HDR10,BluRay,,116.5,35.69
Cars 2 (2011),Cars 2 (2011) {imdb-tt1216475} [Bluray-2160p][HDR10][TrueHD Atmos 7.1][x265]-CtrlHD.mkv,/mnt/media/4K Movies/Cars 2 (2011)/Cars 2 (2011) {imdb-tt1216475} [Bluray-2160p][HDR10][TrueHD Atmos 7.1][x265]-CtrlHD.mkv,22714243770,21.15,2160p,3840,1604,H.265,TrueHD,HDR10,BluRay,,107.0,28.3
Brotherhood of the Wolf (2001),Brotherhood of the Wolf (2001) {imdb-tt0237534} [Bluray-2160p][DV HDR10][TrueHD Atmos 7.1][x265]-SPHD.mkv,/mnt/media/4K Movies/Brotherhood of the Wolf (2001)/Brotherhood of the Wolf (2001) {imdb-tt0237534} [Bluray-2160p][DV HDR10][TrueHD Atmos 7.1][x265]-SPHD.mkv,52229611749,48.64,2160p,3840,1632,H.265,TrueHD,DV HDR10,BluRay,,151.1,46.08
Jungle Cruise (2021),Jungle.Cruise.2021.UHD.BluRay.2160p.DD.5.1.HDR.x265-BHDStudio.mp4,/mnt/media/4K Movies/Jungle Cruise (2021)/Jungle.Cruise.2021.UHD.BluRay.2160p.DD.5.1.HDR.x265-BHDStudio.mp4,15723582906,14.64,2160p,3840,1608,H.265,DD,HDR,BluRay,,127.3,16.47
Close Encounters of the Third Kind (1977),Close Encounters of the Third Kind (1977) {imdb-tt0075860} {edition-Directors Cut} [Bluray-2160p][DV HDR10][AC3 5.1][x265]-BHDStudio.mp4,/mnt/media/4K Movies/Close Encounters of the Third Kind (1977)/Close Encounters of the Third Kind (1977) {imdb-tt0075860} {edition-Directors Cut} [Bluray-2160p][DV HDR10][AC3 5.1][x265]-BHDStudio.mp4,17159610081,15.98,2160p,3840,1604,H.265,DD,DV HDR10,BluRay,,137.2,16.67
The Lion King (2019),The Lion King (2019) {imdb-tt6105098} [Bluray-2160p][DV HDR10][EAC3 7.1][x265]-BHDStudio.mp4,/mnt/media/4K Movies/The Lion King (2019)/The Lion King (2019) {imdb-tt6105098} [Bluray-2160p][DV HDR10][EAC3 7.1][x265]-BHDStudio.mp4,14880513854,13.86,2160p,3840,2160,H.265,DD+,DV HDR10,BluRay,,118.2,16.78
