title,filename,path,relative_path,size_bytes,size_gb,resolution,width,height,video_codec,audio_codec,hdr,source,group,duration_minutes,bitrate_mbps
300 (2006),300.2006.UHD.BluRay.2160p.TrueHD.Atmos.7.1.HEVC.REMUX-FraMeSToR.mkv,/mnt/synology/rs-4kmedia/4kmovies/300 (2006)/300.2006.UHD.BluRay.2160p.TrueHD.Atmos.7.1.HEVC.REMUX-FraMeSToR.mkv,300 (2006)/300.2006.UHD.BluRay.2160p.TrueHD.Atmos.7.1.HEVC.REMUX-FraMeSToR.mkv,56679095113,52.79,2160p,3840,2160,H.265,TrueHD Atmos,,Remux,,116.6,64.79
1917 (2019),1917.2019.2160p.UHD.Blu-ray.Atmos.x265 - HQMUX.mkv,/mnt/synology/rs-4kmedia/4kmovies/1917 (2019)/1917.2019.2160p.UHD.Blu-ray.Atmos.x265 - HQMUX.mkv,1917 (2019)/1917.2019.2160p.UHD.Blu-ray.Atmos.x265 - HQMUX.mkv,34041897267,31.7,2160p,3840,1600,H.265,,,BluRay,,119.0,38.14
2001 A Space Odyssey (1968),2001.A.Space.Odyssey.1968.REPACK.2160p.UHD.BluRay.REMUX.HDR.HEVC.DTS-HD.MA.5.1-EPSiLON.mkv,/mnt/synology/rs-4kmedia/4kmovies/2001 A Space Odyssey (1968)/2001.A.Space.Odyssey.1968.REPACK.2160p.UHD.BluRay.REMUX.HDR.HEVC.DTS-HD.MA.5.1-EPSiLON.mkv,2001 A Space Odyssey (1968)/2001.A.Space.Odyssey.1968.REPACK.2160p.UHD.BluRay.REMUX.HDR.HEVC.DTS-HD.MA.5.1-EPSiLON.mkv,74945854385,69.8,2160p,3840,2160,H.265,DTS-HD MA,HDR,Remux,,148.8,67.15
A Beautiful Planet (2016),A.Beautiful.Planet.2016.2160p.UHD.BluRay.REMUX.HDR.HEVC.DTS-X-EPSiLON.mkv,/mnt/synology/rs-4kmedia/4kmovies/A Beautiful Planet (2016)/A.Beautiful.Planet.2016.2160p.UHD.BluRay.REMUX.HDR.HEVC.DTS-X-EPSiLON.mkv,A Beautiful Planet (2016)/A.Beautiful.Planet.2016.2160p.UHD.BluRay.REMUX.HDR.HEVC.DTS-X-EPSiLON.mkv,18605757956,17.33,2160p,3840,2160,H.265,DTS:X,HDR,Remux,,46.3,53.6
Ad Astra (2019),Ad Astra (2019) Remux-2160p.mkv,/mnt/synology/rs-4kmedia/4kmovies/Ad Astra (2019)/Ad Astra (2019) Remux-2160p.mkv,Ad Astra (2019)/Ad Astra (2019) Remux-2160p.mkv,49566136891,46.16,2160p,3840,2160,H.265,,DV,Remux,,123.0,53.71
Alien (1979),Alien.1979.2160p.Director.Cut.UHD.HDR10+Remux.DTS-HD.MA5.1-SHD.mkv,/mnt/synology/rs-4kmedia/4kmovies/Alien (1979)/Alien.1979.2160p.Director.Cut.UHD.HDR10+Remux.DTS-HD.MA5.1-SHD.mkv,Alien (1979)/Alien.1979.2160p.Director.Cut.UHD.HDR10+Remux.DTS-HD.MA5.1-SHD.mkv,47088697231,43.85,2160p,3840,2160,H.265,DTS-HD MA,HDR10+,Remux,,115.8,54.2
Alien (1979),Alien.1979.DC.2160p.UHD.BluRay.X265-IAMABLE.mkv,/mnt/synology/rs-4kmedia/4kmovies/Alien (1979)/Alien.1979.DC.2160p.UHD.BluRay.X265-IAMABLE.mkv,Alien (1979)/Alien.1979.DC.2160p.UHD.BluRay.X265-IAMABLE.mkv,24946091901,23.23,2160p,3840,1600,H.265,,,BluRay,,115.8,28.72
Alien Romulus (2024),Alien Romulus (2024) {imdb-tt18412256} [WEBDL-2160p][DV HDR10Plus][EAC3 Atmos 5.1][h265]-FLUX.mkv,/mnt/synology/rs-4kmedia/4kmovies/Alien Romulus (2024)/Alien Romulus (2024) {imdb-tt18412256} [WEBDL-2160p][DV HDR10Plus][EAC3 Atmos 5.1][h265]-FLUX.mkv,Alien Romulus (2024)/Alien Romulus (2024) {imdb-tt18412256} [WEBDL-2160p][DV HDR10Plus][EAC3 Atmos 5.1][h265]-FLUX.mkv,22572936253,21.02,2160p,3840,1606,H.265,DD+,DV HDR10,WEB-DL,,118.9,25.31
Aliens (1986),Aliens (1986) {imdb-tt0090605} {edition-Special Edition} [Bluray-2160p][DV HDR10][TrueHD Atmos 7.1][x265]-W4NK3R.mkv,/mnt/synology/rs-4kmedia/4kmovies/Aliens (1986)/Aliens (1986) {imdb-tt0090605} {edition-Special Edition} [Bluray-2160p][DV HDR10][TrueHD Atmos 7.1][x265]-W4NK3R.mkv,Aliens (1986)/Aliens (1986) {imdb-tt0090605} {edition-Special Edition} [Bluray-2160p][DV HDR10][TrueHD Atmos 7.1][x265]-W4NK3R.mkv,56481561613,52.6,2160p,3840,2072,H.265,TrueHD,DV HDR10,BluRay,,154.5,48.75
Alita Battle Angel (2019),Alita Battle Angel 2019 REPACK 2160p UHD BluRay HDR10+ TrueHD Atmos 7.1 x265-DON.mkv,/mnt/synology/rs-4kmedia/4kmovies/Alita Battle Angel (2019)/Alita Battle Angel 2019 REPACK 2160p UHD BluRay HDR10+ TrueHD Atmos 7.1 x265-DON.mkv,Alita Battle Angel (2019)/Alita Battle Angel 2019 REPACK 2160p UHD BluRay HDR10+ TrueHD Atmos 7.1 x265-DON.mkv,31571701225,29.4,2160p,3840,1608,H.265,TrueHD,HDR10+,BluRay,,122.0,34.52
Ant-Man (2015),Ant-Man (2015) {imdb-tt0478970} [Bluray-2160p][DV HDR10][TrueHD Atmos 7.1][x265]-W4NK3R.mkv,/mnt/synology/rs-4kmedia/4kmovies/Ant-Man (2015)/Ant-Man (2015) {imdb-tt0478970} [Bluray-2160p][DV HDR10][TrueHD Atmos 7.1][x265]-W4NK3R.mkv,Ant-Man (2015)/Ant-Man (2015) {imdb-tt0478970} [Bluray-2160p][DV HDR10][TrueHD Atmos 7.1][x265]-W4NK3R.mkv,19207971893,17.89,2160p,3840,2076,H.265,TrueHD,DV HDR10,BluRay,,117.1,21.87
Ant-Man and the Wasp (2018),Ant-Man and the Wasp (2018) {imdb-tt5095030} [Bluray-2160p][DV HDR10][TrueHD Atmos 7.1][x265]-W4NK3R.mkv,/mnt/synology/rs-4kmedia/4kmovies/Ant-Man and the Wasp (2018)/Ant-Man and the Wasp (2018) {imdb-tt5095030} [Bluray-2160p][DV HDR10][TrueHD Atmos 7.1][x265]-W4NK3R.mkv,Ant-Man and the Wasp (2018)/Ant-Man and the Wasp (2018) {imdb-tt5095030} [Bluray-2160p][DV HDR10][TrueHD Atmos 7.1][x265]-W4NK3R.mkv,22279565978,20.75,2160p,3840,1608,H.265,TrueHD,DV HDR10,BluRay,,118.2,25.14
Ant-Man and the Wasp Quantumania (2023),Ant-Man and the Wasp Quantumania (2023) {imdb-tt10954600} [Bluray-2160p][DV HDR10][TrueHD Atmos 7.1][x265]-SPHD.mkv,/mnt/synology/rs-4kmedia/4kmovies/Ant-Man and the Wasp Quantumania (2023)/Ant-Man and the Wasp Quantumania (2023) {imdb-tt10954600} [Bluray-2160p][DV HDR10][TrueHD Atmos 7.1][x265]-SPHD.mkv,Ant-Man and the Wasp Quantumania (2023)/Ant-Man and the Wasp Quantumania (2023) {imdb-tt10954600} [Bluray-2160p][DV HDR10][TrueHD Atmos 7.1][x265]-SPHD.mkv,35845429655,33.38,2160p,3840,1608,H.265,TrueHD,DV HDR10,BluRay,,124.5,38.39
Apocalypse Now (1979),Apocalypse.Now.1979.Redux.2160p.UHD.BluRay.x265-JustWatch.mkv,/mnt/synology/rs-4kmedia/4kmovies/Apocalypse Now (1979)/Apocalypse.Now.1979.Redux.2160p.UHD.BluRay.x265-JustWatch.mkv,Apocalypse Now (1979)/Apocalypse.Now.1979.Redux.2160p.UHD.BluRay.x265-JustWatch.mkv,38708906198,36.05,2160p,3840,1608,H.265,,,BluRay,,196.1,26.32
Apollo 13 (1995),Apollo 13 (1995) Remux-2160p.mkv,/mnt/synology/rs-4kmedia/4kmovies/Apollo 13 (1995)/Apollo 13 (1995) Remux-2160p.mkv,Apollo 13 (1995)/Apollo 13 (1995) Remux-2160p.mkv,46451106405,43.26,2160p,3840,2160,H.265,,,Remux,,139.9,44.29
Army of the Dead (2021),Army.of.the.Dead.2021.2160p.HDR.NF.WEBRip.DDP.Atmos.5.1.x265-TrollUHD-FZ.mkv,/mnt/synology/rs-4kmedia/4kmovies/Army of the Dead (2021)/Army.of.the.Dead.2021.2160p.HDR.NF.WEBRip.DDP.Atmos.5.1.x265-TrollUHD-FZ.mkv,Army of the Dead (2021)/Army.of.the.Dead.2021.2160p.HDR.NF.WEBRip.DDP.Atmos.5.1.x265-TrollUHD-FZ.mkv,19719614305,18.37,2160p,3840,2160,H.265,DD,HDR,WEBRip,,148.4,17.72
Avatar (2009),Avatar (2009) {imdb-tt0499549} [Remux-2160p Proper][HDR10][TrueHD Atmos 7.1][HEVC]-FraMeSToR.mkv,/mnt/synology/rs-4kmedia/4kmovies/Avatar (2009)/Avatar (2009) {imdb-tt0499549} [Remux-2160p Proper][HDR10][TrueHD Atmos 7.1][HEVC]-FraMeSToR.mkv,Avatar (2009)/Avatar (2009) {imdb-tt0499549} [Remux-2160p Proper][HDR10][TrueHD Atmos 7.1][HEVC]-FraMeSToR.mkv,76504491782,71.25,2160p,3840,2160,H.265,TrueHD,HDR10,Remux,,162.0,62.95
Avatar The Way of Water (2022),Avatar The Way of Water (2022) WEBDL-2160p.mkv,/mnt/synology/rs-4kmedia/4kmovies/Avatar The Way of Water (2022)/Avatar The Way of Water (2022) WEBDL-2160p.mkv,Avatar The Way of Water (2022)/Avatar The Way of Water (2022) WEBDL-2160p.mkv,30415582303,28.33,2160p,3840,2072,H.265,,,WEB-DL,,192.6,21.05
Avengers Age of Ultron (2015),Avengers.Age.of.Ultron.2015.2160p.UHD.BluRay.HDR.Atmos.x265-Absinth.mkv,/mnt/synology/rs-4kmedia/4kmovies/Avengers Age of Ultron (2015)/Avengers.Age.of.Ultron.2015.2160p.UHD.BluRay.HDR.Atmos.x265-Absinth.mkv,Avengers Age of Ultron (2015)/Avengers.Age.of.Ultron.2015.2160p.UHD.BluRay.HDR.Atmos.x265-Absinth.mkv,17747412970,16.53,2160p,3840,1604,H.265,,HDR,BluRay,,141.3,16.75
Avengers Endgame (2019),Avengers.Endgame.2019.2160p.UHD.BluRay.REMUX.HDR.HEVC.Atmos-EPSiLON.mkv,/mnt/synology/rs-4kmedia/4kmovies/Avengers Endgame (2019)/Avengers.Endgame.2019.2160p.UHD.BluRay.REMUX.HDR.HEVC.Atmos-EPSiLON.mkv,Avengers Endgame (2019)/Avengers.Endgame.2019.2160p.UHD.BluRay.REMUX.HDR.HEVC.Atmos-EPSiLON.mkv,56876574487,52.97,2160p,3840,2160,H.265,,HDR,Remux,,181.2,41.85
Avengers Infinity War (2018),Avengers.Infinity.War.2018.2160p.UHD.BluRay.REMUX.HDR.HEVC.Atmos-EPSiLON.mkv,/mnt/synology/rs-4kmedia/4kmovies/Avengers Infinity War (2018)/Avengers.Infinity.War.2018.2160p.UHD.BluRay.REMUX.HDR.HEVC.Atmos-EPSiLON.mkv,Avengers Infinity War (2018)/Avengers.Infinity.War.2018.2160p.UHD.BluRay.REMUX.HDR.HEVC.Atmos-EPSiLON.mkv,57701380611,53.74,2160p,3840,2160,H.265,,HDR,Remux,,149.4,51.51
Batman Begins (2005),Batman.Begins.2005.2160p.UHD.BluRay.REMUX.HDR.HEVC.DTS-HD.MA.5.1-EPSiLON.mkv,/mnt/synology/rs-4kmedia/4kmovies/Batman Begins (2005)/Batman.Begins.2005.2160p.UHD.BluRay.REMUX.HDR.HEVC.DTS-HD.MA.5.1-EPSiLON.mkv,Batman Begins (2005)/Batman.Begins.2005.2160p.UHD.BluRay.REMUX.HDR.HEVC.DTS-HD.MA.5.1-EPSiLON.mkv,59749548217,55.65,2160p,3840,2160,H.265,DTS-HD MA,HDR,Remux,,140.1,56.88
Batman v Superman Dawn of Justice (2016),Batman v Superman Dawn of Justice (2016) {imdb-tt2975590} {edition-Ultimate Edition Imax} [Bluray-2160p][DV HDR10][TrueHD Atmos 7.1][x265]-W4NK3R.mkv,/mnt/synology/rs-4kmedia/4kmovies/Batman v Superman Dawn of Justice (2016)/Batman v Superman Dawn of Justice (2016) {imdb-tt2975590} {edition-Ultimate Edition Imax} [Bluray-2160p][DV HDR10][TrueHD Atmos 7.1][x265]-W4NK3R.mkv,Batman v Superman Dawn of Justice (2016)/Batman v Superman Dawn of Justice (2016) {imdb-tt2975590} {edition-Ultimate Edition Imax} [Bluray-2160p][DV HDR10][TrueHD Atmos 7.1][x265]-W4NK3R.mkv,59648956512,55.55,2160p,3840,2160,H.265,TrueHD,DV HDR10,BluRay,,182.6,43.56
Black Adam (2022),Black Adam (2022) WEBDL-2160p Proper.mkv,/mnt/synology/rs-4kmedia/4kmovies/Black Adam (2022)/Black Adam (2022) WEBDL-2160p Proper.mkv,Black Adam (2022)/Black Adam (2022) WEBDL-2160p Proper.mkv,23873746974,22.23,2160p,3840,2160,H.265,,DV,WEB-DL,,124.8,25.5
Black Panther Wakanda Forever (2022),Black Panther Wakanda Forever (2022) {imdb-tt9114286} [Bluray-2160p][DV HDR10][EAC3 7.1][x265]-HONE.mkv,/mnt/synology/rs-4kmedia/4kmovies/Black Panther Wakanda Forever (2022)/Black Panther Wakanda Forever (2022) {imdb-tt9114286} [Bluray-2160p][DV HDR10][EAC3 7.1][x265]-HONE.mkv,Black Panther Wakanda Forever (2022)/Black Panther Wakanda Forever (2022) {imdb-tt9114286} [Bluray-2160p][DV HDR10][EAC3 7.1][x265]-HONE.mkv,23309169894,21.71,2160p,3840,1608,H.265,DD+,DV HDR10,BluRay,,161.3,19.27
Black Widow (2021),Black.Widow.2021.2160p.UHD.BluRay.HDR.x265.Atmos.TrueHD7.1-HDChina.mkv,/mnt/synology/rs-4kmedia/4kmovies/Black Widow (2021)/Black.Widow.2021.2160p.UHD.BluRay.HDR.x265.Atmos.TrueHD7.1-HDChina.mkv,Black Widow (2021)/Black.Widow.2021.2160p.UHD.BluRay.HDR.x265.Atmos.TrueHD7.1-HDChina.mkv,27215960800,25.35,2160p,3840,1608,H.265,TrueHD Atmos,HDR,BluRay,,133.8,27.13
Blade (1998),Blade (1998) Bluray-2160p.mkv,/mnt/synology/rs-4kmedia/4kmovies/Blade (1998)/Blade (1998) Bluray-2160p.mkv,Blade (1998)/Blade (1998) Bluray-2160p.mkv,41371012538,38.53,2160p,3840,1608,H.265,,,BluRay,,120.3,45.87
Blade Runner (1982),Blade.Runner.1982.The.Final.Cut.2160p.UHD.BluRay.REMUX.HDR.HEVC.Atmos-EPSiLON.mkv,/mnt/synology/rs-4kmedia/4kmovies/Blade Runner (1982)/Blade.Runner.1982.The.Final.Cut.2160p.UHD.BluRay.REMUX.HDR.HEVC.Atmos-EPSiLON.mkv,Blade Runner (1982)/Blade.Runner.1982.The.Final.Cut.2160p.UHD.BluRay.REMUX.HDR.HEVC.Atmos-EPSiLON.mkv,49237551775,45.86,2160p,3840,2160,H.265,,HDR,Remux,,117.5,55.86
Bohemian Rhapsody (2018),Bohemian Rhapsody (2018) Remux-2160p.mkv,/mnt/synology/rs-4kmedia/4kmovies/Bohemian Rhapsody (2018)/Bohemian Rhapsody (2018) Remux-2160p.mkv,Bohemian Rhapsody (2018)/Bohemian Rhapsody (2018) Remux-2160p.mkv,43422210379,40.44,2160p,3840,2160,H.265,,,Remux,,134.6,43.01
Braveheart (1995),Braveheart.1995.2160p.UHD.BluRay.X265-IAMABLE.mkv,/mnt/synology/rs-4kmedia/4kmovies/Braveheart (1995)/Braveheart.1995.2160p.UHD.BluRay.X265-IAMABLE.mkv,Braveheart (1995)/Braveheart.1995.2160p.UHD.BluRay.X265-IAMABLE.mkv,56115253261,52.26,2160p,3840,1634,H.265,,,BluRay,,177.7,42.09
Bumblebee (2018),Bumblebee (2018) {imdb-tt4701182} [Bluray-2160p][DV HDR10][TrueHD Atmos 7.1][x265]-MainFrame.mkv,/mnt/synology/rs-4kmedia/4kmovies/Bumblebee (2018)/Bumblebee (2018) {imdb-tt4701182} [Bluray-2160p][DV HDR10][TrueHD Atmos 7.1][x265]-MainFrame.mkv,Bumblebee (2018)/Bumblebee (2018) {imdb-tt4701182} [Bluray-2160p][DV HDR10][TrueHD Atmos 7.1][x265]-MainFrame.mkv,32049157604,29.85,2160p,3840,2160,H.265,TrueHD,DV HDR10,BluRay,,113.9,37.52
Captain America Civil War (2016),Captain America - Civil War (2016) (2160p UHD BluRay x265 DV HDR DDP 7.1 English - Weasley HONE).mkv,/mnt/synology/rs-4kmedia/4kmovies/Captain America Civil War (2016)/Captain America - Civil War (2016) (2160p UHD BluRay x265 DV HDR DDP 7.1 English - Weasley HONE).mkv,Captain America Civil War (2016)/Captain America - Civil War (2016) (2160p UHD BluRay x265 DV HDR DDP 7.1 English - Weasley HONE).mkv,22456834875,20.91,2160p,3840,1600,H.265,DD,DV,BluRay,,147.7,20.27
Captain America The First Avenger (2011),Captain.America.The.First.Avenger.2011.2160p.UHD.BluRay.HDR.Atmos.x265-Absinth.mkv,/mnt/synology/rs-4kmedia/4kmovies/Captain America The First Avenger (2011)/Captain.America.The.First.Avenger.2011.2160p.UHD.BluRay.HDR.Atmos.x265-Absinth.mkv,Captain America The First Avenger (2011)/Captain.America.The.First.Avenger.2011.2160p.UHD.BluRay.HDR.Atmos.x265-Absinth.mkv,20835593175,19.4,2160p,3840,1600,H.265,,HDR,BluRay,,124.2,22.37
Captain America The Winter Soldier (2014),Captain.America.The.Winter.Soldier.2014.UHD.BluRay.HDR10.2160p.AC-3.TrueHD.7.1.Atmos.HEVC-d3g.mkv,/mnt/synology/rs-4kmedia/4kmovies/Captain America The Winter Soldier (2014)/Captain.America.The.Winter.Soldier.2014.UHD.BluRay.HDR10.2160p.AC-3.TrueHD.7.1.Atmos.HEVC-d3g.mkv,Captain America The Winter Soldier (2014)/Captain.America.The.Winter.Soldier.2014.UHD.BluRay.HDR10.2160p.AC-3.TrueHD.7.1.Atmos.HEVC-d3g.mkv,24323127648,22.65,2160p,3840,1600,H.265,TrueHD,HDR10,BluRay,,135.9,23.86
Captain Marvel (2019),Captain Marvel (2019) Remux-2160p.mkv,/mnt/synology/rs-4kmedia/4kmovies/Captain Marvel (2019)/Captain Marvel (2019) Remux-2160p.mkv,Captain Marvel (2019)/Captain Marvel (2019) Remux-2160p.mkv,49661673281,46.25,2160p,3840,2160,H.265,,,Remux,,123.7,53.53
Captain Marvel 2 (2022),The Marvels (2023) {imdb-tt10676048} [Bluray-2160p][DV HDR10][TrueHD Atmos 7.1][x265]-W4NK3R.mkv,/mnt/synology/rs-4kmedia/4kmovies/Captain Marvel 2 (2022)/The Marvels (2023) {imdb-tt10676048} [Bluray-2160p][DV HDR10][TrueHD Atmos 7.1][x265]-W4NK3R.mkv,Captain Marvel 2 (2022)/The Marvels (2023) {imdb-tt10676048} [Bluray-2160p][DV HDR10][TrueHD Atmos 7.1][x265]-W4NK3R.mkv,23484005229,21.87,2160p,3840,1608,H.265,TrueHD,DV HDR10,BluRay,,104.7,29.89
Close Encounters of the Third Kind (1977),Close.Encounters.Of.The.Third.Kind.1977.DC.2160p.BluRay.HDR10.10bit.x265.HEVC.DTS-HD.MA.5.1-PHOCiS.mkv,/mnt/synology/rs-4kmedia/4kmovies/Close Encounters of the Third Kind (1977)/Close.Encounters.Of.The.Third.Kind.1977.DC.2160p.BluRay.HDR10.10bit.x265.HEVC.DTS-HD.MA.5.1-PHOCiS.mkv,Close Encounters of the Third Kind (1977)/Close.Encounters.Of.The.Third.Kind.1977.DC.2160p.BluRay.HDR10.10bit.x265.HEVC.DTS-HD.MA.5.1-PHOCiS.mkv,15761979642,14.68,2160p,3840,1606,H.265,DTS-HD MA,HDR10,BluRay,,137.2,15.31
Deadpool (2016),Deadpool (2016) Remux-2160p.mkv,/mnt/synology/rs-4kmedia/4kmovies/Deadpool (2016)/Deadpool (2016) Remux-2160p.mkv,Deadpool (2016)/Deadpool (2016) Remux-2160p.mkv,41528689323,38.68,2160p,3840,2160,H.265,,,Remux,,108.1,51.22
Deadpool 2 (2018),Deadpool 2 (2018) Remux-2160p.mkv,/mnt/synology/rs-4kmedia/4kmovies/Deadpool 2 (2018)/Deadpool 2 (2018) Remux-2160p.mkv,Deadpool 2 (2018)/Deadpool 2 (2018) Remux-2160p.mkv,54315216879,50.58,2160p,3840,2160,H.265,,,Remux,,134.0,54.05
Deadpool 3 (2024),Deadpool and Wolverine (2024) {imdb-tt6263850} [WEBDL-2160p][DV HDR10Plus][EAC3 Atmos 5.1][h265]-FLUX.mkv,/mnt/synology/rs-4kmedia/4kmovies/Deadpool 3 (2024)/Deadpool and Wolverine (2024) {imdb-tt6263850} [WEBDL-2160p][DV HDR10Plus][EAC3 Atmos 5.1][h265]-FLUX.mkv,Deadpool 3 (2024)/Deadpool and Wolverine (2024) {imdb-tt6263850} [WEBDL-2160p][DV HDR10Plus][EAC3 Atmos 5.1][h265]-FLUX.mkv,24136164635,22.48,2160p,3840,1608,H.265,DD+,DV HDR10,WEB-DL,,127.8,25.18
Doctor Strange (2016),Doctor Strange (2016) Remux-2160p.mkv,/mnt/synology/rs-4kmedia/4kmovies/Doctor Strange (2016)/Doctor Strange (2016) Remux-2160p.mkv,Doctor Strange (2016)/Doctor Strange (2016) Remux-2160p.mkv,48931471637,45.57,2160p,3840,2160,H.265,,DV,Remux,,115.0,56.74
Doctor Strange in the Multiverse of Madness (2022),Doctor Strange in the Multiverse of Madness (2022) WEBDL-2160p.mkv,/mnt/synology/rs-4kmedia/4kmovies/Doctor Strange in the Multiverse of Madness (2022)/Doctor Strange in the Multiverse of Madness (2022) WEBDL-2160p.mkv,Doctor Strange in the Multiverse of Madness (2022)/Doctor Strange in the Multiverse of Madness (2022) WEBDL-2160p.mkv,23619362145,22.0,2160p,3840,1608,H.265,,DV,WEB-DL,,126.5,24.89
Dracula (1992),Bram Stoker's Dracula 1992 2160p UHD Blu-Ray Remux HEVC Atmos - BluDragon.mkv,/mnt/synology/rs-4kmedia/4kmovies/Dracula (1992)/Bram Stoker's Dracula 1992 2160p UHD Blu-Ray Remux HEVC Atmos - BluDragon.mkv,Dracula (1992)/Bram Stoker's Dracula 1992 2160p UHD Blu-Ray Remux HEVC Atmos - BluDragon.mkv,53834216542,50.14,2160p,3840,2160,H.265,,,Remux,,127.4,56.36
Dune (2021),Dune (2021) Remux-2160p.mkv,/mnt/synology/rs-4kmedia/4kmovies/Dune (2021)/Dune (2021) Remux-2160p.mkv,Dune (2021)/Dune (2021) Remux-2160p.mkv,74304833230,69.2,2160p,3840,2160,H.265,,DV,Remux,,155.4,63.74
Dune Part Two (2024),Dune Part Two (2024) {imdb-tt15239678} [Bluray-2160p][DV HDR10][TrueHD Atmos 7.1][x265]-MainFrame.mkv,/mnt/synology/rs-4kmedia/4kmovies/Dune Part Two (2024)/Dune Part Two (2024) {imdb-tt15239678} [Bluray-2160p][DV HDR10][TrueHD Atmos 7.1][x265]-MainFrame.mkv,Dune Part Two (2024)/Dune Part Two (2024) {imdb-tt15239678} [Bluray-2160p][DV HDR10][TrueHD Atmos 7.1][x265]-MainFrame.mkv,35311364523,32.89,2160p,3840,1608,H.265,TrueHD,DV HDR10,BluRay,,165.8,28.39
Dunkirk (2017),Dunkirk 2017 2160p UHD BluRay HDR DTS x265-SadeceBluRay.mkv,/mnt/synology/rs-4kmedia/4kmovies/Dunkirk (2017)/Dunkirk 2017 2160p UHD BluRay HDR DTS x265-SadeceBluRay.mkv,Dunkirk (2017)/Dunkirk 2017 2160p UHD BluRay HDR DTS x265-SadeceBluRay.mkv,20636804084,19.22,2160p,3840,2160,H.265,DTS,HDR,BluRay,,106.6,25.8
E.T. the Extra-Terrestrial (1982),E.T.the.Extra-Terrestrial.1982.2160p.UHD.BluRay.x265-DEPTH.mkv,/mnt/synology/rs-4kmedia/4kmovies/E.T. the Extra-Terrestrial (1982)/E.T.the.Extra-Terrestrial.1982.2160p.UHD.BluRay.x265-DEPTH.mkv,E.T. the Extra-Terrestrial (1982)/E.T.the.Extra-Terrestrial.1982.2160p.UHD.BluRay.x265-DEPTH.mkv,31756773537,29.58,2160p,3840,2076,H.265,,,BluRay,,114.5,36.99
Earth One Amazing Day (2017),Earth.One.Amazing.Day.2017.2160p.UHD.BluRay.REMUX.HDR.HEVC.Atmos-EPSiLON.mkv,/mnt/synology/rs-4kmedia/4kmovies/Earth One Amazing Day (2017)/Earth.One.Amazing.Day.2017.2160p.UHD.BluRay.REMUX.HDR.HEVC.Atmos-EPSiLON.mkv,Earth One Amazing Day (2017)/Earth.One.Amazing.Day.2017.2160p.UHD.BluRay.REMUX.HDR.HEVC.Atmos-EPSiLON.mkv,46699745404,43.49,2160p,3840,2160,H.265,,HDR,Remux,,93.7,66.43
Edge of Tomorrow (2014),Edge of Tomorrow.2014.2160p.UHD.BluRay.HDR.DoVi.TrueHD 7.1.Atmos.x265-SPHD.mkv,/mnt/synology/rs-4kmedia/4kmovies/Edge of Tomorrow (2014)/Edge of Tomorrow.2014.2160p.UHD.BluRay.HDR.DoVi.TrueHD 7.1.Atmos.x265-SPHD.mkv,Edge of Tomorrow (2014)/Edge of Tomorrow.2014.2160p.UHD.BluRay.HDR.DoVi.TrueHD 7.1.Atmos.x265-SPHD.mkv,39542871231,36.83,2160p,3840,1600,H.265,TrueHD,DV,BluRay,,113.5,46.47
Fast & Furious 6 (2013),Fast & Furious 6 (2013) Remux-2160p Proper.mkv,/mnt/synology/rs-4kmedia/4kmovies/Fast & Furious 6 (2013)/Fast & Furious 6 (2013) Remux-2160p Proper.mkv,Fast & Furious 6 (2013)/Fast & Furious 6 (2013) Remux-2160p Proper.mkv,46772337668,43.56,2160p,3840,2160,H.265,,,Remux,,131.0,47.59
Furious 7 (2015),Furious 7 (2015) Remux-2160p.mkv,/mnt/synology/rs-4kmedia/4kmovies/Furious 7 (2015)/Furious 7 (2015) Remux-2160p.mkv,Furious 7 (2015)/Furious 7 (2015) Remux-2160p.mkv,49275282340,45.89,2160p,3840,2160,H.265,,,Remux,,139.9,46.96
Ghostbusters (1984),Ghostbusters.1984.2160p.UHD.BluRay.REMUX.HDR.HEVC.Atmos-EPSiLON.mkv,/mnt/synology/rs-4kmedia/4kmovies/Ghostbusters (1984)/Ghostbusters.1984.2160p.UHD.BluRay.REMUX.HDR.HEVC.Atmos-EPSiLON.mkv,Ghostbusters (1984)/Ghostbusters.1984.2160p.UHD.BluRay.REMUX.HDR.HEVC.Atmos-EPSiLON.mkv,51038356876,47.53,2160p,3840,2160,H.265,,HDR,Remux,,105.1,64.73
Ghostbusters Afterlife (2021),Ghostbusters Afterlife (2021) WEBDL-2160p.mkv,/mnt/synology/rs-4kmedia/4kmovies/Ghostbusters Afterlife (2021)/Ghostbusters Afterlife (2021) WEBDL-2160p.mkv,Ghostbusters Afterlife (2021)/Ghostbusters Afterlife (2021) WEBDL-2160p.mkv,14051328124,13.09,2160p,3840,1592,H.265,,,WEB-DL,,123.9,15.12
Gladiator (2000),Gladiator.2000.Extended.UHD.BluRay.2160p.DTS-X.7.1.HEVC.REMUX-FraMeSToR.mkv,/mnt/synology/rs-4kmedia/4kmovies/Gladiator (2000)/Gladiator.2000.Extended.UHD.BluRay.2160p.DTS-X.7.1.HEVC.REMUX-FraMeSToR.mkv,Gladiator (2000)/Gladiator.2000.Extended.UHD.BluRay.2160p.DTS-X.7.1.HEVC.REMUX-FraMeSToR.mkv,61270644150,57.06,2160p,3840,2160,H.265,DTS:X,,Remux,,170.9,47.79
Godzilla King of the Monsters (2019),Godzilla.King.of.the.Monsters.2019.2160p.UHD.BluRay.HDR.x265.Atmos.TrueHD7.1-HDChina.mkv,/mnt/synology/rs-4kmedia/4kmovies/Godzilla King of the Monsters (2019)/Godzilla.King.of.the.Monsters.2019.2160p.UHD.BluRay.HDR.x265.Atmos.TrueHD7.1-HDChina.mkv,Godzilla King of the Monsters (2019)/Godzilla.King.of.the.Monsters.2019.2160p.UHD.BluRay.HDR.x265.Atmos.TrueHD7.1-HDChina.mkv,31882560385,29.69,2160p,3840,1600,H.265,TrueHD Atmos,HDR,BluRay,,131.7,32.27
Godzilla vs. Kong (2021),Godzilla.vs.Kong.2021.2160p.UHD.BluRay.HDR.x265.Atmos.TrueHD7.1-HDChina.mkv,/mnt/synology/rs-4kmedia/4kmovies/Godzilla vs. Kong (2021)/Godzilla.vs.Kong.2021.2160p.UHD.BluRay.HDR.x265.Atmos.TrueHD7.1-HDChina.mkv,Godzilla vs. Kong (2021)/Godzilla.vs.Kong.2021.2160p.UHD.BluRay.HDR.x265.Atmos.TrueHD7.1-HDChina.mkv,29236595633,27.23,2160p,3840,1608,H.265,TrueHD Atmos,HDR,BluRay,,113.1,34.45
Guardians of the Galaxy (2014),Guardians.Of.The.Galaxy.2014.2160p.UHD.BluRay.TrueHD.7.1.HDR.x265-CtrlHD.mkv,/mnt/synology/rs-4kmedia/4kmovies/Guardians of the Galaxy (2014)/Guardians.Of.The.Galaxy.2014.2160p.UHD.BluRay.TrueHD.7.1.HDR.x265-CtrlHD.mkv,Guardians of the Galaxy (2014)/Guardians.Of.The.Galaxy.2014.2160p.UHD.BluRay.TrueHD.7.1.HDR.x265-CtrlHD.mkv,15983422803,14.89,2160p,3840,1600,H.265,TrueHD,HDR,BluRay,,120.8,17.63
Guardians of the Galaxy Vol. 2 (2017),Guardians.of.the.Galaxy.Vol.2.2017.2160p.UHD.BluRay.x265-TERMiNAL.mkv,/mnt/synology/rs-4kmedia/4kmovies/Guardians of the Galaxy Vol. 2 (2017)/Guardians.of.the.Galaxy.Vol.2.2017.2160p.UHD.BluRay.x265-TERMiNAL.mkv,Guardians of the Galaxy Vol. 2 (2017)/Guardians.of.the.Galaxy.Vol.2.2017.2160p.UHD.BluRay.x265-TERMiNAL.mkv,19054551239,17.75,2160p,3840,1604,H.265,,,BluRay,,135.8,18.71
Hacksaw Ridge (2016),Hacksaw.Ridge.2016.2160p.UHD.BluRay.x265-TERMiNAL.mkv,/mnt/synology/rs-4kmedia/4kmovies/Hacksaw Ridge (2016)/Hacksaw.Ridge.2016.2160p.UHD.BluRay.x265-TERMiNAL.mkv,Hacksaw Ridge (2016)/Hacksaw.Ridge.2016.2160p.UHD.BluRay.x265-TERMiNAL.mkv,18380179373,17.12,2160p,3840,1610,H.265,,,BluRay,,139.3,17.59
Heat (1995),Heat.1995.Directors.Definitive.Edition.2160p.HDR.WEB-DL.DTS-HD.MA.5.1.HEVC-BLUTONiUM.mkv,/mnt/synology/rs-4kmedia/4kmovies/Heat (1995)/Heat.1995.Directors.Definitive.Edition.2160p.HDR.WEB-DL.DTS-HD.MA.5.1.HEVC-BLUTONiUM.mkv,Heat (1995)/Heat.1995.Directors.Definitive.Edition.2160p.HDR.WEB-DL.DTS-HD.MA.5.1.HEVC-BLUTONiUM.mkv,37818604058,35.22,2160p,3840,2160,H.265,DTS-HD MA,HDR,WEB-DL,,170.4,29.59
Highlander (1986),Highlander (1986) {imdb-tt0091203} [Bluray-2160p][DV HDR10][DTS-HD MA 5.1][x265]-W4NK3R.mkv,/mnt/synology/rs-4kmedia/4kmovies/Highlander (1986)/Highlander (1986) {imdb-tt0091203} [Bluray-2160p][DV HDR10][DTS-HD MA 5.1][x265]-W4NK3R.mkv,Highlander (1986)/Highlander (1986) {imdb-tt0091203} [Bluray-2160p][DV HDR10][DTS-HD MA 5.1][x265]-W4NK3R.mkv,54649057706,50.9,2160p,3840,2076,H.265,DTS-HD,DV HDR10,BluRay,,116.8,62.41
Inception (2010),Inception.2010.2160p.UHD.BluRay.x265-TERMiNAL.mkv,/mnt/synology/rs-4kmedia/4kmovies/Inception (2010)/Inception.2010.2160p.UHD.BluRay.x265-TERMiNAL.mkv,Inception (2010)/Inception.2010.2160p.UHD.BluRay.x265-TERMiNAL.mkv,25738220656,23.97,2160p,3840,1598,H.265,,,BluRay,,148.1,23.17
Independence Day (1996),Independence Day (1996) Remux-2160p Proper.mkv,/mnt/synology/rs-4kmedia/4kmovies/Independence Day (1996)/Independence Day (1996) Remux-2160p Proper.mkv,Independence Day (1996)/Independence Day (1996) Remux-2160p Proper.mkv,46506723876,43.31,2160p,3840,2160,H.265,,,Remux,,153.6,40.38
Indiana Jones and the Kingdom of the Crystal Skull (2008),Indiana.Jones.and.the.Kingdom.of.the.Crystal.Skull.2008.2160p.HDR.UHD.BluRay.TrueHD.7.1.Atmos.2Audio.x265-10bit-HDS.mkv,/mnt/synology/rs-4kmedia/4kmovies/Indiana Jones and the Kingdom of the Crystal Skull (2008)/Indiana.Jones.and.the.Kingdom.of.the.Crystal.Skull.2008.2160p.HDR.UHD.BluRay.TrueHD.7.1.Atmos.2Audio.x265-10bit-HDS.mkv,Indiana Jones and the Kingdom of the Crystal Skull (2008)/Indiana.Jones.and.the.Kingdom.of.the.Crystal.Skull.2008.2160p.HDR.UHD.BluRay.TrueHD.7.1.Atmos.2Audio.x265-10bit-HDS.mkv,20947749223,19.51,2160p,3840,1600,H.265,TrueHD,HDR,BluRay,,122.5,22.8
Indiana Jones and the Last Crusade (1989),Indiana Jones and the Last Crusade (1989) Remux-2160p.mkv,/mnt/synology/rs-4kmedia/4kmovies/Indiana Jones and the Last Crusade (1989)/Indiana Jones and the Last Crusade (1989) Remux-2160p.mkv,Indiana Jones and the Last Crusade (1989)/Indiana Jones and the Last Crusade (1989) Remux-2160p.mkv,55349196069,51.55,2160p,3840,2160,H.265,,DV,Remux,,126.9,58.17
Indiana Jones and the Temple of Doom (1984),indiana.jones.and.the.temple.of.doom.1984.2160p.uhd.bluray.x265-seskapile.mkv,/mnt/synology/rs-4kmedia/4kmovies/Indiana Jones and the Temple of Doom (1984)/indiana.jones.and.the.temple.of.doom.1984.2160p.uhd.bluray.x265-seskapile.mkv,Indiana Jones and the Temple of Doom (1984)/indiana.jones.and.the.temple.of.doom.1984.2160p.uhd.bluray.x265-seskapile.mkv,34590806518,32.22,2160p,3840,1634,H.265,,,BluRay,,118.4,38.94
Interstellar (2014),Interstellar.2014.2160p.UHD.BluRay.x265-TERMiNAL.mkv,/mnt/synology/rs-4kmedia/4kmovies/Interstellar (2014)/Interstellar.2014.2160p.UHD.BluRay.x265-TERMiNAL.mkv,Interstellar (2014)/Interstellar.2014.2160p.UHD.BluRay.x265-TERMiNAL.mkv,35793421662,33.34,2160p,3840,2160,H.265,,,BluRay,,169.1,28.23
Iron Man (2008),Iron.Man.2008.2160p.UHD.Bluray.x265.HDR10.Atmos.TrueHD.7.1-4K4U.mkv,/mnt/synology/rs-4kmedia/4kmovies/Iron Man (2008)/Iron.Man.2008.2160p.UHD.Bluray.x265.HDR10.Atmos.TrueHD.7.1-4K4U.mkv,Iron Man (2008)/Iron.Man.2008.2160p.UHD.Bluray.x265.HDR10.Atmos.TrueHD.7.1-4K4U.mkv,18562287106,17.29,2160p,3840,1600,H.265,TrueHD Atmos,HDR10,BluRay,,126.0,19.64
Iron Man 2 (2010),Iron.Man.2.2010.2160p.UHD.BluRay.HDR.Atmos.x265-Absinth.mkv,/mnt/synology/rs-4kmedia/4kmovies/Iron Man 2 (2010)/Iron.Man.2.2010.2160p.UHD.BluRay.HDR.Atmos.x265-Absinth.mkv,Iron Man 2 (2010)/Iron.Man.2.2010.2160p.UHD.BluRay.HDR.Atmos.x265-Absinth.mkv,21455014538,19.98,2160p,3840,1600,H.265,,HDR,BluRay,,124.7,22.95
Iron Man 3 (2013),Iron.Man.3.2013.2160p.UHD.BluRay.TrueHD.7.1.HDR.x265-CtrlHD.mkv,/mnt/synology/rs-4kmedia/4kmovies/Iron Man 3 (2013)/Iron.Man.3.2013.2160p.UHD.BluRay.TrueHD.7.1.HDR.x265-CtrlHD.mkv,Iron Man 3 (2013)/Iron.Man.3.2013.2160p.UHD.BluRay.TrueHD.7.1.HDR.x265-CtrlHD.mkv,18107178691,16.86,2160p,3840,1600,H.265,TrueHD,HDR,BluRay,,130.5,18.5
Jaws (1975),Jaws.1975.UHD.BluRay.2160p.TrueHD.Atmos.7.1.HEVC.REMUX-FraMeSToR.mkv,/mnt/synology/rs-4kmedia/4kmovies/Jaws (1975)/Jaws.1975.UHD.BluRay.2160p.TrueHD.Atmos.7.1.HEVC.REMUX-FraMeSToR.mkv,Jaws (1975)/Jaws.1975.UHD.BluRay.2160p.TrueHD.Atmos.7.1.HEVC.REMUX-FraMeSToR.mkv,70850991846,65.99,2160p,3840,2160,H.265,TrueHD Atmos,,Remux,,123.9,76.22
John Wick (2014),John.Wick.2014.2160p.UHD.BluRay.HDR.TrueHD.Atmos.7.1.x265-Absinth.mkv,/mnt/synology/rs-4kmedia/4kmovies/John Wick (2014)/John.Wick.2014.2160p.UHD.BluRay.HDR.TrueHD.Atmos.7.1.x265-Absinth.mkv,John Wick (2014)/John.Wick.2014.2160p.UHD.BluRay.HDR.TrueHD.Atmos.7.1.x265-Absinth.mkv,20611078824,19.2,2160p,3840,1600,H.265,TrueHD Atmos,HDR,BluRay,,101.2,27.16
John Wick Chapter 2 (2017),John.Wick.Chapter.2.2017.2160p.UHD.Bluray.Remux.HDR10.HEVC.Atmos.TrueHD.7.1-4K4U.mkv,/mnt/synology/rs-4kmedia/4kmovies/John Wick Chapter 2 (2017)/John.Wick.Chapter.2.2017.2160p.UHD.Bluray.Remux.HDR10.HEVC.Atmos.TrueHD.7.1-4K4U.mkv,John Wick Chapter 2 (2017)/John.Wick.Chapter.2.2017.2160p.UHD.Bluray.Remux.HDR10.HEVC.Atmos.TrueHD.7.1-4K4U.mkv,75856633549,70.65,2160p,3840,2160,H.265,TrueHD Atmos,HDR10,Remux,,122.4,82.64
John Wick Chapter 3 Parabellum (2019),John.Wick.Chapter.3.Parabellum.2019.2160p.UHD.BluRay.TrueHD.7.1.HDR.x265-CtrlHD.mkv,/mnt/synology/rs-4kmedia/4kmovies/John Wick Chapter 3 Parabellum (2019)/John.Wick.Chapter.3.Parabellum.2019.2160p.UHD.BluRay.TrueHD.7.1.HDR.x265-CtrlHD.mkv,John Wick Chapter 3 Parabellum (2019)/John.Wick.Chapter.3.Parabellum.2019.2160p.UHD.BluRay.TrueHD.7.1.HDR.x265-CtrlHD.mkv,36121444057,33.64,2160p,3840,1600,H.265,TrueHD,HDR,BluRay,,130.8,36.83
John Wick Chapter 4 (2022),John Wick Chapter 4 (2023) {imdb-tt10366206} [Bluray-2160p][DV HDR10][TrueHD Atmos 7.1][x265]-SPHD.mkv,/mnt/synology/rs-4kmedia/4kmovies/John Wick Chapter 4 (2022)/John Wick Chapter 4 (2023) {imdb-tt10366206} [Bluray-2160p][DV HDR10][TrueHD Atmos 7.1][x265]-SPHD.mkv,John Wick Chapter 4 (2022)/John Wick Chapter 4 (2023) {imdb-tt10366206} [Bluray-2160p][DV HDR10][TrueHD Atmos 7.1][x265]-SPHD.mkv,47347063614,44.1,2160p,3840,1608,H.265,TrueHD,DV HDR10,BluRay,,169.3,37.29
Joker (2019),Joker.2019.2160p.UHD.BluRay.REMUX.HDR.HEVC.Atmos-EPSiLON.mkv,/mnt/synology/rs-4kmedia/4kmovies/Joker (2019)/Joker.2019.2160p.UHD.BluRay.REMUX.HDR.HEVC.Atmos-EPSiLON.mkv,Joker (2019)/Joker.2019.2160p.UHD.BluRay.REMUX.HDR.HEVC.Atmos-EPSiLON.mkv,50085957811,46.65,2160p,3840,2160,H.265,,HDR,Remux,,121.8,54.82
Jungle Cruise (2021),Jungle Cruise (2021) Remux-2160p.mkv,/mnt/synology/rs-4kmedia/4kmovies/Jungle Cruise (2021)/Jungle Cruise (2021) Remux-2160p.mkv,Jungle Cruise (2021)/Jungle Cruise (2021) Remux-2160p.mkv,56642873991,52.75,2160p,3840,2160,H.265,,DV,Remux,,127.3,59.32
Jurassic World Dominion (2022),Jurassic World Dominion (2022) WEBDL-2160p.mkv,/mnt/synology/rs-4kmedia/4kmovies/Jurassic World Dominion (2022)/Jurassic World Dominion (2022) WEBDL-2160p.mkv,Jurassic World Dominion (2022)/Jurassic World Dominion (2022) WEBDL-2160p.mkv,27822721995,25.91,2160p,3840,1918,H.265,,DV,WEB-DL,,147.0,25.24
Kingdom of Heaven (2005),Kingdom of Heaven (2005) {imdb-tt0320661} {edition-Theatrical} [WEBDL-2160p][HDR10][EAC3 5.1][h265]-SMURF.mkv,/mnt/synology/rs-4kmedia/4kmovies/Kingdom of Heaven (2005)/Kingdom of Heaven (2005) {imdb-tt0320661} {edition-Theatrical} [WEBDL-2160p][HDR10][EAC3 5.1][h265]-SMURF.mkv,Kingdom of Heaven (2005)/Kingdom of Heaven (2005) {imdb-tt0320661} {edition-Theatrical} [WEBDL-2160p][HDR10][EAC3 5.1][h265]-SMURF.mkv,17808565101,16.59,2160p,3840,2160,H.265,DD+,HDR10,WEB-DL,,144.6,16.42
Kong Skull Island (2017),Kong.Skull Island.2017.2160p.UHD.BluRay.TrueHD7.1.Atmos.x265-HQMUX.mkv,/mnt/synology/rs-4kmedia/4kmovies/Kong Skull Island (2017)/Kong.Skull Island.2017.2160p.UHD.BluRay.TrueHD7.1.Atmos.x265-HQMUX.mkv,Kong Skull Island (2017)/Kong.Skull Island.2017.2160p.UHD.BluRay.TrueHD7.1.Atmos.x265-HQMUX.mkv,26161201735,24.36,2160p,3840,1600,H.265,TrueHD,,BluRay,,118.4,29.45
Logan (2017),Logan.2017.2160p.UHD.BluRay.x265-TERMiNAL.mkv,/mnt/synology/rs-4kmedia/4kmovies/Logan (2017)/Logan.2017.2160p.UHD.BluRay.x265-TERMiNAL.mkv,Logan (2017)/Logan.2017.2160p.UHD.BluRay.x265-TERMiNAL.mkv,15936276644,14.84,2160p,3840,1608,H.265,,,BluRay,,137.4,15.47
Mad Max Fury Road (2015),Mad Max Fury Road 2015 2160p UHD Blu-ray Remux HEVC Atmos 7.1 - BluDragon.mkv,/mnt/synology/rs-4kmedia/4kmovies/Mad Max Fury Road (2015)/Mad Max Fury Road 2015 2160p UHD Blu-ray Remux HEVC Atmos 7.1 - BluDragon.mkv,Mad Max Fury Road (2015)/Mad Max Fury Road 2015 2160p UHD Blu-ray Remux HEVC Atmos 7.1 - BluDragon.mkv,45422906038,42.3,2160p,3840,2160,H.265,,,Remux,,120.4,50.32
Man of Steel (2013),Man of Steel (2013) {imdb-tt0770828} [Bluray-2160p][DV HDR10][TrueHD Atmos 7.1][x265]-SPHD.mkv,/mnt/synology/rs-4kmedia/4kmovies/Man of Steel (2013)/Man of Steel (2013) {imdb-tt0770828} [Bluray-2160p][DV HDR10][TrueHD Atmos 7.1][x265]-SPHD.mkv,Man of Steel (2013)/Man of Steel (2013) {imdb-tt0770828} [Bluray-2160p][DV HDR10][TrueHD Atmos 7.1][x265]-SPHD.mkv,51532340895,47.99,2160p,3840,1600,H.265,TrueHD,DV HDR10,BluRay,,143.0,48.05
Master and Commander The Far Side of the World (2003),Master and Commander The Far Side of the World (2003) {imdb-tt0311113} - [Bluray-2160p][TrueHD Atmos 7.1][DV HDR10][x265]-SPHD.mkv,/mnt/synology/rs-4kmedia/4kmovies/Master and Commander The Far Side of the World (2003)/Master and Commander The Far Side of the World (2003) {imdb-tt0311113} - [Bluray-2160p][TrueHD Atmos 7.1][DV HDR10][x265]-SPHD.mkv,Master and Commander The Far Side of the World (2003)/Master and Commander The Far Side of the World (2003) {imdb-tt0311113} - [Bluray-2160p][TrueHD Atmos 7.1][DV HDR10][x265]-SPHD.mkv,44123422249,41.09,2160p,3840,1600,H.265,TrueHD,DV HDR10,BluRay,,138.4,42.52
Mission Impossible (1996),Mission Impossible (1996) {imdb-tt0117060} [Bluray-2160p][DV HDR10][TrueHD 5.1][x265]-SPHD.mkv,/mnt/synology/rs-4kmedia/4kmovies/Mission Impossible (1996)/Mission Impossible (1996) {imdb-tt0117060} [Bluray-2160p][DV HDR10][TrueHD 5.1][x265]-SPHD.mkv,Mission Impossible (1996)/Mission Impossible (1996) {imdb-tt0117060} [Bluray-2160p][DV HDR10][TrueHD 5.1][x265]-SPHD.mkv,34869193363,32.47,2160p,3840,1600,H.265,TrueHD,DV HDR10,BluRay,,110.2,42.18
Mission Impossible Dead Reckoning Part One (2023),Mission Impossible Dead Reckoning Part One (2023) {imdb-tt9603212} [Bluray-2160p][DV HDR10][TrueHD Atmos 7.1][x265]-W4NK3R.mkv,/mnt/synology/rs-4kmedia/4kmovies/Mission Impossible Dead Reckoning Part One (2023)/Mission Impossible Dead Reckoning Part One (2023) {imdb-tt9603212} [Bluray-2160p][DV HDR10][TrueHD Atmos 7.1][x265]-W4NK3R.mkv,Mission Impossible Dead Reckoning Part One (2023)/Mission Impossible Dead Reckoning Part One (2023) {imdb-tt9603212} [Bluray-2160p][DV HDR10][TrueHD Atmos 7.1][x265]-W4NK3R.mkv,50455600294,46.99,2160p,3840,1608,H.265,TrueHD,DV HDR10,BluRay,,163.4,41.16
Mortal Kombat (2021),Mortal Kombat (2021) {imdb-tt0293429} [Bluray-2160p][DV HDR10][TrueHD Atmos 7.1][x265]-LEGi0N.mkv,/mnt/synology/rs-4kmedia/4kmovies/Mortal Kombat (2021)/Mortal Kombat (2021) {imdb-tt0293429} [Bluray-2160p][DV HDR10][TrueHD Atmos 7.1][x265]-LEGi0N.mkv,Mortal Kombat (2021)/Mortal Kombat (2021) {imdb-tt0293429} [Bluray-2160p][DV HDR10][TrueHD Atmos 7.1][x265]-LEGi0N.mkv,29145926397,27.14,2160p,3840,1608,H.265,TrueHD,DV HDR10,BluRay,,110.1,35.31
Napoleon (2023),Napoleon (2023) {imdb-tt13287846} {edition-Directors Cut} [ATVP][WEBDL-2160p][DV HDR10Plus][EAC3 Atmos 5.1][h265]-FLUX.mkv,/mnt/synology/rs-4kmedia/4kmovies/Napoleon (2023)/Napoleon (2023) {imdb-tt13287846} {edition-Directors Cut} [ATVP][WEBDL-2160p][DV HDR10Plus][EAC3 Atmos 5.1][h265]-FLUX.mkv,Napoleon (2023)/Napoleon (2023) {imdb-tt13287846} {edition-Directors Cut} [ATVP][WEBDL-2160p][DV HDR10Plus][EAC3 Atmos 5.1][h265]-FLUX.mkv,37161578663,34.61,2160p,3840,1608,H.265,DD+,DV HDR10,WEB-DL,,204.8,24.19
Oblivion (2013),Oblivion (2013) Remux-2160p.mkv,/mnt/synology/rs-4kmedia/4kmovies/Oblivion (2013)/Oblivion (2013) Remux-2160p.mkv,Oblivion (2013)/Oblivion (2013) Remux-2160p.mkv,56243058643,52.38,2160p,3840,2160,H.265,,,Remux,,124.6,60.18
Oppenheimer (2023),Oppenheimer (2023) {imdb-tt15398776} [Bluray-2160p][DV HDR10][DTS-HD MA 5.1][x265]-MainFrame.mkv,/mnt/synology/rs-4kmedia/4kmovies/Oppenheimer (2023)/Oppenheimer (2023) {imdb-tt15398776} [Bluray-2160p][DV HDR10][DTS-HD MA 5.1][x265]-MainFrame.mkv,Oppenheimer (2023)/Oppenheimer (2023) {imdb-tt15398776} [Bluray-2160p][DV HDR10][DTS-HD MA 5.1][x265]-MainFrame.mkv,42033663382,39.15,2160p,3840,2160,H.265,DTS-HD,DV HDR10,BluRay,,180.4,31.07
Passengers (2016),Passengers.2016.2160p.UHD.BluRay.REMUX.HDR.HEVC.Atmos-EPSiLON.mkv,/mnt/synology/rs-4kmedia/4kmovies/Passengers (2016)/Passengers.2016.2160p.UHD.BluRay.REMUX.HDR.HEVC.Atmos-EPSiLON.mkv,Passengers (2016)/Passengers.2016.2160p.UHD.BluRay.REMUX.HDR.HEVC.Atmos-EPSiLON.mkv,50625913828,47.15,2160p,3840,2160,H.265,,HDR,Remux,,116.2,58.1
Pirates of the Caribbean The Curse of the Black Pearl (2003),Pirates of the Caribbean The Curse of the Black Pearl (2003) WEBRip-2160p.mkv,/mnt/synology/rs-4kmedia/4kmovies/Pirates of the Caribbean The Curse of the Black Pearl (2003)/Pirates of the Caribbean The Curse of the Black Pearl (2003) WEBRip-2160p.mkv,Pirates of the Caribbean The Curse of the Black Pearl (2003)/Pirates of the Caribbean The Curse of the Black Pearl (2003) WEBRip-2160p.mkv,20780951900,19.35,2160p,3840,1636,H.265,,,WEBRip,,143.7,19.28
Pitch Black (2000),Pitch.Black.2000.Directors.Cut.REPACK.2160p.UHD.BluRay.DTS-HD.MA.5.1.HDR.x265-CtrlHD.mkv,/mnt/synology/rs-4kmedia/4kmovies/Pitch Black (2000)/Pitch.Black.2000.Directors.Cut.REPACK.2160p.UHD.BluRay.DTS-HD.MA.5.1.HDR.x265-CtrlHD.mkv,Pitch Black (2000)/Pitch.Black.2000.Directors.Cut.REPACK.2160p.UHD.BluRay.DTS-HD.MA.5.1.HDR.x265-CtrlHD.mkv,49318357544,45.93,2160p,3840,1632,H.265,DTS-HD MA,HDR,BluRay,,111.8,58.84
Prey (2022),Prey (2022) WEBDL-2160p.mkv,/mnt/synology/rs-4kmedia/4kmovies/Prey (2022)/Prey (2022) WEBDL-2160p.mkv,Prey (2022)/Prey (2022) WEBDL-2160p.mkv,15299337463,14.25,2160p,3840,2160,H.265,,,WEB-DL,,99.5,20.5
Raiders of the Lost Ark (1981),Raiders.Of.The.Lost.Ark.1981.2160p.UHD.Bluray.x265.HDR10.Atmos.TrueHD.7.1-4K4U.mkv,/mnt/synology/rs-4kmedia/4kmovies/Raiders of the Lost Ark (1981)/Raiders.Of.The.Lost.Ark.1981.2160p.UHD.Bluray.x265.HDR10.Atmos.TrueHD.7.1-4K4U.mkv,Raiders of the Lost Ark (1981)/Raiders.Of.The.Lost.Ark.1981.2160p.UHD.Bluray.x265.HDR10.Atmos.TrueHD.7.1-4K4U.mkv,17739982173,16.52,2160p,3840,1632,H.265,TrueHD Atmos,HDR10,BluRay,,115.3,20.51
Ready Player One (2018),Ready Player One.2018.2160p.UHD.BluRay.TrueHD7.1.Atmos.x265-HQMUX.mkv,/mnt/synology/rs-4kmedia/4kmovies/Ready Player One (2018)/Ready Player One.2018.2160p.UHD.BluRay.TrueHD7.1.Atmos.x265-HQMUX.mkv,Ready Player One (2018)/Ready Player One.2018.2160p.UHD.BluRay.TrueHD7.1.Atmos.x265-HQMUX.mkv,33759165530,31.44,2160p,3840,1600,H.265,TrueHD,,BluRay,,140.0,32.16
Red Sparrow (2018),Red.Sparrow.2018.2160p.UHD.BluRay.x265-WhiteRhino.mkv,/mnt/synology/rs-4kmedia/4kmovies/Red Sparrow (2018)/Red.Sparrow.2018.2160p.UHD.BluRay.x265-WhiteRhino.mkv,Red Sparrow (2018)/Red.Sparrow.2018.2160p.UHD.BluRay.x265-WhiteRhino.mkv,15158346077,14.12,2160p,3840,1600,H.265,,,BluRay,,140.2,14.41
Resident Evil Welcome to Raccoon City (2021),Resident Evil Welcome to Raccoon City (2021) WEBDL-2160p.mkv,/mnt/synology/rs-4kmedia/4kmovies/Resident Evil Welcome to Raccoon City (2021)/Resident Evil Welcome to Raccoon City (2021) WEBDL-2160p.mkv,Resident Evil Welcome to Raccoon City (2021)/Resident Evil Welcome to Raccoon City (2021) WEBDL-2160p.mkv,12265723696,11.42,2160p,3840,1600,H.265,,,WEB-DL,,107.5,15.22
Return of the Jedi (1983),Return of the Jedi (1983) Remux-2160p.mkv,/mnt/synology/rs-4kmedia/4kmovies/Return of the Jedi (1983)/Return of the Jedi (1983) Remux-2160p.mkv,Return of the Jedi (1983)/Return of the Jedi (1983) Remux-2160p.mkv,48111189287,44.81,2160p,3840,2160,H.265,,,Remux,,134.8,47.59
Riddick (2013),Riddick (2013) {imdb-tt1411250} {edition-Director's Cut} [Bluray-2160p][DV HDR10][DTS-HD MA 5.1][x265]-SPHD.mkv,/mnt/synology/rs-4kmedia/4kmovies/Riddick (2013)/Riddick (2013) {imdb-tt1411250} {edition-Director's Cut} [Bluray-2160p][DV HDR10][DTS-HD MA 5.1][x265]-SPHD.mkv,Riddick (2013)/Riddick (2013) {imdb-tt1411250} {edition-Director's Cut} [Bluray-2160p][DV HDR10][DTS-HD MA 5.1][x265]-SPHD.mkv,48743150049,45.4,2160p,3840,1596,H.265,DTS-HD,DV HDR10,BluRay,,126.9,51.22
Rocketman (2019),Rocketman 2019 2160p UHD Blu-ray HEVC Atmos x265 - SumVision.mkv,/mnt/synology/rs-4kmedia/4kmovies/Rocketman (2019)/Rocketman 2019 2160p UHD Blu-ray HEVC Atmos x265 - SumVision.mkv,Rocketman (2019)/Rocketman 2019 2160p UHD Blu-ray HEVC Atmos x265 - SumVision.mkv,20099425643,18.72,2160p,3840,1604,H.265,,,BluRay,,121.3,22.1
Saving Private Ryan (1998),Saving.Private.Ryan.1998.2160p.UHD.BluRay.X265-IAMABLE.mkv,/mnt/synology/rs-4kmedia/4kmovies/Saving Private Ryan (1998)/Saving.Private.Ryan.1998.2160p.UHD.BluRay.X265-IAMABLE.mkv,Saving Private Ryan (1998)/Saving.Private.Ryan.1998.2160p.UHD.BluRay.X265-IAMABLE.mkv,44125238267,41.09,2160p,3840,2160,H.265,,,BluRay,,169.4,34.72
Shazam! (2019),Shazam! (2019) {imdb-tt0448115} [Bluray-2160p][DV HDR10][TrueHD Atmos 7.1][x265]-W4NK3R.mkv,/mnt/synology/rs-4kmedia/4kmovies/Shazam! (2019)/Shazam! (2019) {imdb-tt0448115} [Bluray-2160p][DV HDR10][TrueHD Atmos 7.1][x265]-W4NK3R.mkv,Shazam! (2019)/Shazam! (2019) {imdb-tt0448115} [Bluray-2160p][DV HDR10][TrueHD Atmos 7.1][x265]-W4NK3R.mkv,53068842385,49.42,2160p,3840,1608,H.265,TrueHD,DV HDR10,BluRay,,131.7,53.72
Shazam! Fury of the Gods (2023),Shazam! Fury of the Gods (2023) Remux-2160p.mkv,/mnt/synology/rs-4kmedia/4kmovies/Shazam! Fury of the Gods (2023)/Shazam! Fury of the Gods (2023) Remux-2160p.mkv,Shazam! Fury of the Gods (2023)/Shazam! Fury of the Gods (2023) Remux-2160p.mkv,61291314225,57.08,2160p,3840,2160,H.265,,DV,Remux,,130.3,62.74
Solo A Star Wars Story (2018),Solo A Star Wars Story (2018) {imdb-tt3778644} [Bluray-2160p Proper][HDR10][TrueHD Atmos 7.1][x265]-TnP.mkv,/mnt/synology/rs-4kmedia/4kmovies/Solo A Star Wars Story (2018)/Solo A Star Wars Story (2018) {imdb-tt3778644} [Bluray-2160p Proper][HDR10][TrueHD Atmos 7.1][x265]-TnP.mkv,Solo A Star Wars Story (2018)/Solo A Star Wars Story (2018) {imdb-tt3778644} [Bluray-2160p Proper][HDR10][TrueHD Atmos 7.1][x265]-TnP.mkv,39940081775,37.2,2160p,3840,1608,H.265,TrueHD,HDR10,BluRay,,134.8,39.52
Spider-Man No Way Home (2021),Spider-Man No Way Home (2021) WEBDL-2160p.mkv,/mnt/synology/rs-4kmedia/4kmovies/Spider-Man No Way Home (2021)/Spider-Man No Way Home (2021) WEBDL-2160p.mkv,Spider-Man No Way Home (2021)/Spider-Man No Way Home (2021) WEBDL-2160p.mkv,23059699250,21.48,2160p,3840,1596,H.265,,,WEB-DL,,148.5,20.71
Star Trek (2009),Star.Trek.2009.2160p.UHD.BluRay.X265-IAMABLE.mkv,/mnt/synology/rs-4kmedia/4kmovies/Star Trek (2009)/Star.Trek.2009.2160p.UHD.BluRay.X265-IAMABLE.mkv,Star Trek (2009)/Star.Trek.2009.2160p.UHD.BluRay.X265-IAMABLE.mkv,40736555712,37.94,2160p,3840,1600,H.265,,,BluRay,,126.8,42.82
Star Trek First Contact (1996),Star.Trek.VIII.First.Contact.1996.2160p.WEB-DL.DDP5.1.H.265-ABBiE.mkv,/mnt/synology/rs-4kmedia/4kmovies/Star Trek First Contact (1996)/Star.Trek.VIII.First.Contact.1996.2160p.WEB-DL.DDP5.1.H.265-ABBiE.mkv,Star Trek First Contact (1996)/Star.Trek.VIII.First.Contact.1996.2160p.WEB-DL.DDP5.1.H.265-ABBiE.mkv,11068005896,10.31,2160p,3840,2160,H.265,DD,,WEB-DL,,110.7,13.33
Star Trek Into Darkness (2013),Star.Trek.Into.Darkness.2013.2160p.UHD.BluRay.REMUX.HDR.HEVC.Atmos-EPSiLON.mkv,/mnt/synology/rs-4kmedia/4kmovies/Star Trek Into Darkness (2013)/Star.Trek.Into.Darkness.2013.2160p.UHD.BluRay.REMUX.HDR.HEVC.Atmos-EPSiLON.mkv,Star Trek Into Darkness (2013)/Star.Trek.Into.Darkness.2013.2160p.UHD.BluRay.REMUX.HDR.HEVC.Atmos-EPSiLON.mkv,55009881987,51.23,2160p,3840,2160,H.265,,HDR,Remux,,132.1,55.52
Star Trek The Motion Picture (1979),Star Trek The Motion Picture (1979) Remux-2160p.mkv,/mnt/synology/rs-4kmedia/4kmovies/Star Trek The Motion Picture (1979)/Star Trek The Motion Picture (1979) Remux-2160p.mkv,Star Trek The Motion Picture (1979)/Star Trek The Motion Picture (1979) Remux-2160p.mkv,81043007023,75.48,2160p,3840,2160,H.265,,DV,Remux,,136.7,79.04
Star Trek V The Final Frontier (1989),Star Trek V The Final Frontier (1989) Bluray-2160p.mkv,/mnt/synology/rs-4kmedia/4kmovies/Star Trek V The Final Frontier (1989)/Star Trek V The Final Frontier (1989) Bluray-2160p.mkv,Star Trek V The Final Frontier (1989)/Star Trek V The Final Frontier (1989) Bluray-2160p.mkv,25687621064,23.92,2160p,3840,1600,H.265,,,BluRay,,106.5,32.16
Star Trek VI The Undiscovered Country (1991),Star Trek VI The Undiscovered Country (1991) Bluray-2160p.mkv,/mnt/synology/rs-4kmedia/4kmovies/Star Trek VI The Undiscovered Country (1991)/Star Trek VI The Undiscovered Country (1991) Bluray-2160p.mkv,Star Trek VI The Undiscovered Country (1991)/Star Trek VI The Undiscovered Country (1991) Bluray-2160p.mkv,22691914538,21.13,2160p,3840,1632,H.265,,,BluRay,,113.4,26.69
Star Wars (1977),Star Wars (1977) Remux-2160p.mkv,/mnt/synology/rs-4kmedia/4kmovies/Star Wars (1977)/Star Wars (1977) Remux-2160p.mkv,Star Wars (1977)/Star Wars (1977) Remux-2160p.mkv,52636206068,49.02,2160p,3840,2160,H.265,,DV,Remux,,124.8,56.25
Tenet (2020),Tenet (2020) {imdb-tt6723592} [Bluray-2160p Proper][HDR10][DTS-HD MA 5.1][x265]-CtrlHD.mkv,/mnt/synology/rs-4kmedia/4kmovies/Tenet (2020)/Tenet (2020) {imdb-tt6723592} [Bluray-2160p Proper][HDR10][DTS-HD MA 5.1][x265]-CtrlHD.mkv,Tenet (2020)/Tenet (2020) {imdb-tt6723592} [Bluray-2160p Proper][HDR10][DTS-HD MA 5.1][x265]-CtrlHD.mkv,36297868261,33.81,2160p,3840,2160,H.265,DTS-HD,HDR10,BluRay,,150.2,32.23
Terminator Dark Fate (2019),Terminator Dark Fate (2019) {imdb-tt6450804} [Bluray-2160p Proper][DV HDR10][TrueHD Atmos 7.1][x265]-DON.mkv,/mnt/synology/rs-4kmedia/4kmovies/Terminator Dark Fate (2019)/Terminator Dark Fate (2019) {imdb-tt6450804} [Bluray-2160p Proper][DV HDR10][TrueHD Atmos 7.1][x265]-DON.mkv,Terminator Dark Fate (2019)/Terminator Dark Fate (2019) {imdb-tt6450804} [Bluray-2160p Proper][DV HDR10][TrueHD Atmos 7.1][x265]-DON.mkv,28677543469,26.71,2160p,3840,1608,H.265,TrueHD,DV HDR10,BluRay,,128.1,29.85
The Abyss (1989),The Abyss (1989) {imdb-tt0096754} {edition-Special Edition} [Bluray-2160p][DV HDR10][TrueHD Atmos 7.1][x265]-W4NK3R.mkv,/mnt/synology/rs-4kmedia/4kmovies/The Abyss (1989)/The Abyss (1989) {imdb-tt0096754} {edition-Special Edition} [Bluray-2160p][DV HDR10][TrueHD Atmos 7.1][x265]-W4NK3R.mkv,The Abyss (1989)/The Abyss (1989) {imdb-tt0096754} {edition-Special Edition} [Bluray-2160p][DV HDR10][TrueHD Atmos 7.1][x265]-W4NK3R.mkv,35786735192,33.33,2160p,3840,1604,H.265,TrueHD,DV HDR10,BluRay,,171.0,27.9
The Avengers (2012),The.Avengers.2012.REPACK.2160p.UHD.BluRay.REMUX.HDR.HEVC.Atmos-EPSiLON.mkv,/mnt/synology/rs-4kmedia/4kmovies/The Avengers (2012)/The.Avengers.2012.REPACK.2160p.UHD.BluRay.REMUX.HDR.HEVC.Atmos-EPSiLON.mkv,The Avengers (2012)/The.Avengers.2012.REPACK.2160p.UHD.BluRay.REMUX.HDR.HEVC.Atmos-EPSiLON.mkv,52333434503,48.74,2160p,3840,2160,H.265,,HDR,Remux,,142.9,48.82
The Batman (2022),The Batman (2022) {imdb-tt1877830} [Bluray-2160p][DV HDR10][TrueHD Atmos 7.1][x265]-W4NK3R.mkv,/mnt/synology/rs-4kmedia/4kmovies/The Batman (2022)/The Batman (2022) {imdb-tt1877830} [Bluray-2160p][DV HDR10][TrueHD Atmos 7.1][x265]-W4NK3R.mkv,The Batman (2022)/The Batman (2022) {imdb-tt1877830} [Bluray-2160p][DV HDR10][TrueHD Atmos 7.1][x265]-W4NK3R.mkv,46320821907,43.14,2160p,3840,1608,H.265,TrueHD,DV HDR10,BluRay,,176.2,35.05
The Chronicles of Riddick (2004),The Chronicles of Riddick (2004) {imdb-tt0296572} {edition-Director's Cut} [Bluray-2160p][DV HDR10][DTS-HD MA 5.1][x265]-SPHD.mkv,/mnt/synology/rs-4kmedia/4kmovies/The Chronicles of Riddick (2004)/The Chronicles of Riddick (2004) {imdb-tt0296572} {edition-Director's Cut} [Bluray-2160p][DV HDR10][DTS-HD MA 5.1][x265]-SPHD.mkv,The Chronicles of Riddick (2004)/The Chronicles of Riddick (2004) {imdb-tt0296572} {edition-Director's Cut} [Bluray-2160p][DV HDR10][DTS-HD MA 5.1][x265]-SPHD.mkv,61111131462,56.91,2160p,3840,1600,H.265,DTS-HD,DV HDR10,BluRay,,134.1,60.77
The Dark Knight (2008),The Dark Knight 2008 2160p UHD Blu-ray Remux HEVC DTS-HD MA 5.1 - BluDragon.mkv,/mnt/synology/rs-4kmedia/4kmovies/The Dark Knight (2008)/The Dark Knight 2008 2160p UHD Blu-ray Remux HEVC DTS-HD MA 5.1 - BluDragon.mkv,The Dark Knight (2008)/The Dark Knight 2008 2160p UHD Blu-ray Remux HEVC DTS-HD MA 5.1 - BluDragon.mkv,58571114949,54.55,2160p,3840,2160,H.265,DTS-HD,,Remux,,152.2,51.31
The Dark Knight Rises (2012),The Dark Knight Rises 2012 2160p UHD Blu-ray Remux HEVC DTS-HD MA 5.1 - BluDragon.mkv,/mnt/synology/rs-4kmedia/4kmovies/The Dark Knight Rises (2012)/The Dark Knight Rises 2012 2160p UHD Blu-ray Remux HEVC DTS-HD MA 5.1 - BluDragon.mkv,The Dark Knight Rises (2012)/The Dark Knight Rises 2012 2160p UHD Blu-ray Remux HEVC DTS-HD MA 5.1 - BluDragon.mkv,74310780663,69.21,2160p,3840,2160,H.265,DTS-HD,,Remux,,164.5,60.22
The Empire Strikes Back (1980),The Empire Strikes Back (1980) Bluray-2160p.mkv,/mnt/synology/rs-4kmedia/4kmovies/The Empire Strikes Back (1980)/The Empire Strikes Back (1980) Bluray-2160p.mkv,The Empire Strikes Back (1980)/The Empire Strikes Back (1980) Bluray-2160p.mkv,33536526487,31.23,2160p,3840,1608,H.265,,,BluRay,,127.4,35.1
The Hobbit An Unexpected Journey (2012),The.Hobbit.An.Unexpected.Journey.2012.Extended.Cut.UHD.BluRay.2160p.TrueHD.Atmos.7.1.DV.HEVC.REMUX-FraMeSToR.mkv,/mnt/synology/rs-4kmedia/4kmovies/The Hobbit An Unexpected Journey (2012)/The.Hobbit.An.Unexpected.Journey.2012.Extended.Cut.UHD.BluRay.2160p.TrueHD.Atmos.7.1.DV.HEVC.REMUX-FraMeSToR.mkv,The Hobbit An Unexpected Journey (2012)/The.Hobbit.An.Unexpected.Journey.2012.Extended.Cut.UHD.BluRay.2160p.TrueHD.Atmos.7.1.DV.HEVC.REMUX-FraMeSToR.mkv,74566778707,69.45,2160p,3840,2160,H.265,TrueHD Atmos,DV,Remux,,182.5,54.47
The Hobbit The Battle of the Five Armies (2014),The.Hobbit.The.Battle.of.the.Five.Armies.2014.Extended.Cut.UHD.BluRay.2160p.TrueHD.Atmos.7.1.DV.HEVC.REMUX-FraMeSToR.mkv,/mnt/synology/rs-4kmedia/4kmovies/The Hobbit The Battle of the Five Armies (2014)/The.Hobbit.The.Battle.of.the.Five.Armies.2014.Extended.Cut.UHD.BluRay.2160p.TrueHD.Atmos.7.1.DV.HEVC.REMUX-FraMeSToR.mkv,The Hobbit The Battle of the Five Armies (2014)/The.Hobbit.The.Battle.of.the.Five.Armies.2014.Extended.Cut.UHD.BluRay.2160p.TrueHD.Atmos.7.1.DV.HEVC.REMUX-FraMeSToR.mkv,64520564342,60.09,2160p,3840,2160,H.265,TrueHD Atmos,DV,Remux,,164.1,52.44
The Hobbit The Desolation of Smaug (2013),The.Hobbit.The.Desolation.of.Smaug.2013.Extended.Cut.UHD.BluRay.2160p.TrueHD.Atmos.7.1.DV.HEVC.REMUX-FraMeSToR.mkv,/mnt/synology/rs-4kmedia/4kmovies/The Hobbit The Desolation of Smaug (2013)/The.Hobbit.The.Desolation.of.Smaug.2013.Extended.Cut.UHD.BluRay.2160p.TrueHD.Atmos.7.1.DV.HEVC.REMUX-FraMeSToR.mkv,The Hobbit The Desolation of Smaug (2013)/The.Hobbit.The.Desolation.of.Smaug.2013.Extended.Cut.UHD.BluRay.2160p.TrueHD.Atmos.7.1.DV.HEVC.REMUX-FraMeSToR.mkv,84661155918,78.85,2160p,3840,2160,H.265,TrueHD Atmos,DV,Remux,,186.6,60.5
The Hunger Games (2012),The Hunger Games (2012) Remux-2160p.mkv,/mnt/synology/rs-4kmedia/4kmovies/The Hunger Games (2012)/The Hunger Games (2012) Remux-2160p.mkv,The Hunger Games (2012)/The Hunger Games (2012) Remux-2160p.mkv,75557146736,70.37,2160p,3840,2160,H.265,,DV,Remux,,142.6,70.63
The Hunger Games Catching Fire (2013),The Hunger Games Catching Fire (2013) Remux-2160p.mkv,/mnt/synology/rs-4kmedia/4kmovies/The Hunger Games Catching Fire (2013)/The Hunger Games Catching Fire (2013) Remux-2160p.mkv,The Hunger Games Catching Fire (2013)/The Hunger Games Catching Fire (2013) Remux-2160p.mkv,78025518110,72.67,2160p,3840,2160,H.265,,DV,Remux,,146.6,70.95
The Hunger Games Mockingjay - Part 1 (2014),The Hunger Games Mockingjay - Part 1 (2014) Remux-2160p.mkv,/mnt/synology/rs-4kmedia/4kmovies/The Hunger Games Mockingjay - Part 1 (2014)/The Hunger Games Mockingjay - Part 1 (2014) Remux-2160p.mkv,The Hunger Games Mockingjay - Part 1 (2014)/The Hunger Games Mockingjay - Part 1 (2014) Remux-2160p.mkv,66459734633,61.9,2160p,3840,2160,H.265,,DV,Remux,,123.3,71.89
The Hunger Games Mockingjay - Part 2 (2015),The Hunger Games Mockingjay - Part 2 (2015) Remux-2160p.mkv,/mnt/synology/rs-4kmedia/4kmovies/The Hunger Games Mockingjay - Part 2 (2015)/The Hunger Games Mockingjay - Part 2 (2015) Remux-2160p.mkv,The Hunger Games Mockingjay - Part 2 (2015)/The Hunger Games Mockingjay - Part 2 (2015) Remux-2160p.mkv,76169855199,70.94,2160p,3840,2160,H.265,,DV,Remux,,137.1,74.07
The Hunt for Red October (1990),The Hunt for Red October.1990.2160p.UHD.BluRay.TrueHD5.1.x265-HQMUX.mkv,/mnt/synology/rs-4kmedia/4kmovies/The Hunt for Red October (1990)/The Hunt for Red October.1990.2160p.UHD.BluRay.TrueHD5.1.x265-HQMUX.mkv,The Hunt for Red October (1990)/The Hunt for Red October.1990.2160p.UHD.BluRay.TrueHD5.1.x265-HQMUX.mkv,24363997863,22.69,2160p,3840,1632,H.265,TrueHD,,BluRay,,135.1,24.04
The Lord of the Rings The Fellowship of the Ring (2001),The Lord of the Rings The Fellowship of the Ring (2001) Remux-2160p.mkv,/mnt/synology/rs-4kmedia/4kmovies/The Lord of the Rings The Fellowship of the Ring (2001)/The Lord of the Rings The Fellowship of the Ring (2001) Remux-2160p.mkv,The Lord of the Rings The Fellowship of the Ring (2001)/The Lord of the Rings The Fellowship of the Ring (2001) Remux-2160p.mkv,119919536474,111.68,2160p,3840,2160,H.265,,,Remux,,228.2,70.07
The Lord of the Rings The Return of the King (2003),The Lord of the Rings The Return of the King (2003) Remux-2160p.mkv,/mnt/synology/rs-4kmedia/4kmovies/The Lord of the Rings The Return of the King (2003)/The Lord of the Rings The Return of the King (2003) Remux-2160p.mkv,The Lord of the Rings The Return of the King (2003)/The Lord of the Rings The Return of the King (2003) Remux-2160p.mkv,133437126066,124.27,2160p,3840,2160,H.265,,,Remux,,263.2,67.6
The Lord of the Rings The Two Towers (2002),The Lord of the Rings The Two Towers (2002) Remux-2160p.mkv,/mnt/synology/rs-4kmedia/4kmovies/The Lord of the Rings The Two Towers (2002)/The Lord of the Rings The Two Towers (2002) Remux-2160p.mkv,The Lord of the Rings The Two Towers (2002)/The Lord of the Rings The Two Towers (2002) Remux-2160p.mkv,113736685889,105.93,2160p,3840,2160,H.265,,,Remux,,235.4,64.42
The Martian (2015),The.Martian.2015.EXTENDED.2160p.BluRay.x265.10bit.HDR.TrueHD.7.1.Atmos-TERMiNAL.mkv,/mnt/synology/rs-4kmedia/4kmovies/The Martian (2015)/The.Martian.2015.EXTENDED.2160p.BluRay.x265.10bit.HDR.TrueHD.7.1.Atmos-TERMiNAL.mkv,The Martian (2015)/The.Martian.2015.EXTENDED.2160p.BluRay.x265.10bit.HDR.TrueHD.7.1.Atmos-TERMiNAL.mkv,21845823720,20.35,2160p,3840,1600,H.265,TrueHD,HDR,BluRay,,151.4,19.24
The Matrix (1999),The.Matrix.1999.UHD.BluRay.2160p.TrueHD.Atmos.7.1.HEVC.REMUX-FraMeSToR.mkv,/mnt/synology/rs-4kmedia/4kmovies/The Matrix (1999)/The.Matrix.1999.UHD.BluRay.2160p.TrueHD.Atmos.7.1.HEVC.REMUX-FraMeSToR.mkv,The Matrix (1999)/The.Matrix.1999.UHD.BluRay.2160p.TrueHD.Atmos.7.1.HEVC.REMUX-FraMeSToR.mkv,56310151835,52.44,2160p,3840,2160,H.265,TrueHD Atmos,,Remux,,136.3,55.08
The Matrix Reloaded (2003),The.Matrix.Reloaded.2003.2160p.UHD.BluRay.TrueHD.7.1.HDR.x265-CtrlHD.mkv,/mnt/synology/rs-4kmedia/4kmovies/The Matrix Reloaded (2003)/The.Matrix.Reloaded.2003.2160p.UHD.BluRay.TrueHD.7.1.HDR.x265-CtrlHD.mkv,The Matrix Reloaded (2003)/The.Matrix.Reloaded.2003.2160p.UHD.BluRay.TrueHD.7.1.HDR.x265-CtrlHD.mkv,49386043158,45.99,2160p,3840,1600,H.265,TrueHD,HDR,BluRay,,138.3,47.62
The Matrix Resurrections (2021),The Matrix Resurrections (2021) WEBDL-2160p.mkv,/mnt/synology/rs-4kmedia/4kmovies/The Matrix Resurrections (2021)/The Matrix Resurrections (2021) WEBDL-2160p.mkv,The Matrix Resurrections (2021)/The Matrix Resurrections (2021) WEBDL-2160p.mkv,20659761079,19.24,2160p,3840,2160,H.265,,DV,WEB-DL,,147.9,18.62
The Matrix Revolutions (2003),The.Matrix-Revolutions.2003.UHD.BluRay.HDR.10Bit.2160p.DD.5.1.H265-d3g.mkv,/mnt/synology/rs-4kmedia/4kmovies/The Matrix Revolutions (2003)/The.Matrix-Revolutions.2003.UHD.BluRay.HDR.10Bit.2160p.DD.5.1.H265-d3g.mkv,The Matrix Revolutions (2003)/The.Matrix-Revolutions.2003.UHD.BluRay.HDR.10Bit.2160p.DD.5.1.H265-d3g.mkv,30715136062,28.61,2160p,3840,1600,H.265,DD,HDR,BluRay,,129.3,31.68
The Mummy (1999),The Mummy (1999) {imdb-tt0120616} [Bluray-2160p][HDR10][DTS-X 7.1][x265]-IAMABLE.mkv,/mnt/synology/rs-4kmedia/4kmovies/The Mummy (1999)/The Mummy (1999) {imdb-tt0120616} [Bluray-2160p][HDR10][DTS-X 7.1][x265]-IAMABLE.mkv,The Mummy (1999)/The Mummy (1999) {imdb-tt0120616} [Bluray-2160p][HDR10][DTS-X 7.1][x265]-IAMABLE.mkv,34922390576,32.52,2160p,3840,1636,H.265,DTS:X,HDR10,BluRay,,124.8,37.3
The Outfit (2022),The Outfit (2022) WEBDL-2160p.mkv,/mnt/synology/rs-4kmedia/4kmovies/The Outfit (2022)/The Outfit (2022) WEBDL-2160p.mkv,The Outfit (2022)/The Outfit (2022) WEBDL-2160p.mkv,11810548463,11.0,2160p,3840,1920,H.265,,,WEB-DL,,105.4,14.94
The Predator (2018),The Predator 2018 2160p UHD Blu-ray Remux HEVC Atmos 7.1 - BluDragon.mkv,/mnt/synology/rs-4kmedia/4kmovies/The Predator (2018)/The Predator 2018 2160p UHD Blu-ray Remux HEVC Atmos 7.1 - BluDragon.mkv,The Predator (2018)/The Predator 2018 2160p UHD Blu-ray Remux HEVC Atmos 7.1 - BluDragon.mkv,50970065009,47.47,2160p,3840,2160,H.265,,,Remux,,107.0,63.54
The Revenant (2015),The.Revenant.2015.UHD.BluRay.2160p.DTS-HD.MA.7.1.HEVC.REMUX-FraMeSToR-AsRequested.mkv,/mnt/synology/rs-4kmedia/4kmovies/The Revenant (2015)/The.Revenant.2015.UHD.BluRay.2160p.DTS-HD.MA.7.1.HEVC.REMUX-FraMeSToR-AsRequested.mkv,The Revenant (2015)/The.Revenant.2015.UHD.BluRay.2160p.DTS-HD.MA.7.1.HEVC.REMUX-FraMeSToR-AsRequested.mkv,48836555747,45.48,2160p,3840,2160,H.265,DTS-HD MA,,Remux,,156.4,41.65
Thor Ragnarok (2017),Thor Ragnarok 2017 2160p UHD HDR10+ BluRay x265 TrueHD Atmos 7 1-UnKn0wn.mkv,/mnt/synology/rs-4kmedia/4kmovies/Thor Ragnarok (2017)/Thor Ragnarok 2017 2160p UHD HDR10+ BluRay x265 TrueHD Atmos 7 1-UnKn0wn.mkv,Thor Ragnarok (2017)/Thor Ragnarok 2017 2160p UHD HDR10+ BluRay x265 TrueHD Atmos 7 1-UnKn0wn.mkv,21593469530,20.11,2160p,3840,1608,H.265,TrueHD,HDR10+,BluRay,,130.5,22.06
Top Gun (1986),Top Gun 1986 2160p UHD DV HDR10 BluRay SL TrueHD Atmos7 1 H265-SHD.mkv,/mnt/synology/rs-4kmedia/4kmovies/Top Gun (1986)/Top Gun 1986 2160p UHD DV HDR10 BluRay SL TrueHD Atmos7 1 H265-SHD.mkv,Top Gun (1986)/Top Gun 1986 2160p UHD DV HDR10 BluRay SL TrueHD Atmos7 1 H265-SHD.mkv,24692474732,23.0,2160p,3840,2160,H.265,TrueHD,DV HDR10,BluRay,,109.4,30.08
Top Gun Maverick (2022),Top Gun Maverick (2022) WEBDL-2160p.mkv,/mnt/synology/rs-4kmedia/4kmovies/Top Gun Maverick (2022)/Top Gun Maverick (2022) WEBDL-2160p.mkv,Top Gun Maverick (2022)/Top Gun Maverick (2022) WEBDL-2160p.mkv,24639337706,22.95,2160p,3840,2024,H.265,,DV,WEB-DL,,130.2,25.22
Total Recall (1990),Total Recall (1990) Remux-2160p.mkv,/mnt/synology/rs-4kmedia/4kmovies/Total Recall (1990)/Total Recall (1990) Remux-2160p.mkv,Total Recall (1990)/Total Recall (1990) Remux-2160p.mkv,76307107799,71.07,2160p,3840,2160,H.265,,DV,Remux,,113.3,89.82
Twister (1996),Twister (1996) Remux-1080p.mkv,/mnt/synology/rs-4kmedia/4kmovies/Twister (1996)/Twister (1996) Remux-1080p.mkv,Twister (1996)/Twister (1996) Remux-1080p.mkv,27919595650,26.0,1080p,1920,1080,H.264,,,Remux,,112.9,32.96
Twisters (2024),Twisters (2024) {imdb-tt12584954} [WEBDL-2160p][DV HDR10Plus][EAC3 Atmos 5.1][h265]-FLUX.mkv,/mnt/synology/rs-4kmedia/4kmovies/Twisters (2024)/Twisters (2024) {imdb-tt12584954} [WEBDL-2160p][DV HDR10Plus][EAC3 Atmos 5.1][h265]-FLUX.mkv,Twisters (2024)/Twisters (2024) {imdb-tt12584954} [WEBDL-2160p][DV HDR10Plus][EAC3 Atmos 5.1][h265]-FLUX.mkv,23407500311,21.8,2160p,3840,1606,H.265,DD+,DV HDR10,WEB-DL,,122.4,25.51
Uncharted (2022),Uncharted (2022) WEBDL-2160p.mkv,/mnt/synology/rs-4kmedia/4kmovies/Uncharted (2022)/Uncharted (2022) WEBDL-2160p.mkv,Uncharted (2022)/Uncharted (2022) WEBDL-2160p.mkv,22078701192,20.56,2160p,3840,2160,H.265,,,WEB-DL,,115.9,25.39
V for Vendetta (2005),V.for.Vendetta.2005.UHD.BluRay.2160p.TrueHD.Atmos.7.1.HEVC.REMUX-FraMeSToR.mkv,/mnt/synology/rs-4kmedia/4kmovies/V for Vendetta (2005)/V.for.Vendetta.2005.UHD.BluRay.2160p.TrueHD.Atmos.7.1.HEVC.REMUX-FraMeSToR.mkv,V for Vendetta (2005)/V.for.Vendetta.2005.UHD.BluRay.2160p.TrueHD.Atmos.7.1.HEVC.REMUX-FraMeSToR.mkv,70846905011,65.98,2160p,3840,2160,H.265,TrueHD Atmos,,Remux,,132.6,71.26
War for the Planet of the Apes (2017),War.for.the.Planet.of.the.Apes.2017.2160p.UHD.BluRay.HDR.Atmos.x265-Absinth.mkv,/mnt/synology/rs-4kmedia/4kmovies/War for the Planet of the Apes (2017)/War.for.the.Planet.of.the.Apes.2017.2160p.UHD.BluRay.HDR.Atmos.x265-Absinth.mkv,War for the Planet of the Apes (2017)/War.for.the.Planet.of.the.Apes.2017.2160p.UHD.BluRay.HDR.Atmos.x265-Absinth.mkv,24515341736,22.83,2160p,3840,1600,H.265,,HDR,BluRay,,140.2,23.32
Wonder Woman (2017),Wonder.Woman.2017.2160p.UHD.BluRay.TrueHD.7.1.HDR.x265-CtrlHD.mkv,/mnt/synology/rs-4kmedia/4kmovies/Wonder Woman (2017)/Wonder.Woman.2017.2160p.UHD.BluRay.TrueHD.7.1.HDR.x265-CtrlHD.mkv,Wonder Woman (2017)/Wonder.Woman.2017.2160p.UHD.BluRay.TrueHD.7.1.HDR.x265-CtrlHD.mkv,48069432506,44.77,2160p,3840,1600,H.265,TrueHD,HDR,BluRay,,141.3,45.37
Wonder Woman 1984 (2020),Wonder.Woman.1984.2020.2160p.HMAX.WEB-DL.DDP5.1.Atmos.HDR.HEVC-TOMMY.mkv,/mnt/synology/rs-4kmedia/4kmovies/Wonder Woman 1984 (2020)/Wonder.Woman.1984.2020.2160p.HMAX.WEB-DL.DDP5.1.Atmos.HDR.HEVC-TOMMY.mkv,Wonder Woman 1984 (2020)/Wonder.Woman.1984.2020.2160p.HMAX.WEB-DL.DDP5.1.Atmos.HDR.HEVC-TOMMY.mkv,21180090476,19.73,2160p,3840,2160,H.265,DD,HDR,WEB-DL,,151.1,18.69
Zombieland (2009),Zombieland.2009.2160p.UHD.BluRay.X265-IAMABLE.mkv,/mnt/synology/rs-4kmedia/4kmovies/Zombieland (2009)/Zombieland.2009.2160p.UHD.BluRay.X265-IAMABLE.mkv,Zombieland (2009)/Zombieland.2009.2160p.UHD.BluRay.X265-IAMABLE.mkv,15081816630,14.05,2160p,3840,1606,H.265,,,BluRay,,87.7,22.93
Master and Commander The Far Side of the World (2003),Master and Commander The Far Side of the World (2003) Remux-1080p.mkv,/mnt/synology/rs-4kmedia/4kmovies/#recycle/Master and Commander The Far Side of the World (2003)/Master and Commander The Far Side of the World (2003) Remux-1080p.mkv,#recycle/Master and Commander The Far Side of the World (2003)/Master and Commander The Far Side of the World (2003) Remux-1080p.mkv,33900055458,31.57,1080p,1920,1080,H.264,,,Remux,,138.3,32.67
Jurassic Park (1993),Jurassic.Park.1993.UHD.BluRay.2160p.DD.5.1.HDR.x265-BHDStudio.mp4,/mnt/synology/rs-4kmedia/4kmovies/Jurassic Park (1993)/Jurassic.Park.1993.UHD.BluRay.2160p.DD.5.1.HDR.x265-BHDStudio.mp4,Jurassic Park (1993)/Jurassic.Park.1993.UHD.BluRay.2160p.DD.5.1.HDR.x265-BHDStudio.mp4,15494207696,14.43,2160p,3840,2076,H.265,DD,HDR,BluRay,,126.5,16.34
Pacific Rim (2013),Pacific.Rim.2013.UHD.BluRay.2160p.DD.5.1.HDR.x265-BHDStudio.mp4,/mnt/synology/rs-4kmedia/4kmovies/Pacific Rim (2013)/Pacific.Rim.2013.UHD.BluRay.2160p.DD.5.1.HDR.x265-BHDStudio.mp4,Pacific Rim (2013)/Pacific.Rim.2013.UHD.BluRay.2160p.DD.5.1.HDR.x265-BHDStudio.mp4,16237278138,15.12,2160p,3840,2160,H.265,DD,HDR,BluRay,,131.3,16.49
Star Trek II The Wrath of Khan (1982),Star.Trek.II.The.Wrath.of.Khan.1982.Director's.Cut.UHD.BluRay.2160p.DD.5.1.HDR.x265-BHDStudio.mp4,/mnt/synology/rs-4kmedia/4kmovies/Star Trek II The Wrath of Khan (1982)/Star.Trek.II.The.Wrath.of.Khan.1982.Director's.Cut.UHD.BluRay.2160p.DD.5.1.HDR.x265-BHDStudio.mp4,Star Trek II The Wrath of Khan (1982)/Star.Trek.II.The.Wrath.of.Khan.1982.Director's.Cut.UHD.BluRay.2160p.DD.5.1.HDR.x265-BHDStudio.mp4,14451945376,13.46,2160p,3840,1604,H.265,DD,HDR,BluRay,,116.5,16.54
Star Trek III The Search for Spock (1984),Star.Trek.III.The.Search.for.Spock.1984.UHD.BluRay.2160p.DD.5.1.HDR.x265-BHDStudio.mp4,/mnt/synology/rs-4kmedia/4kmovies/Star Trek III The Search for Spock (1984)/Star.Trek.III.The.Search.for.Spock.1984.UHD.BluRay.2160p.DD.5.1.HDR.x265-BHDStudio.mp4,Star Trek III The Search for Spock (1984)/Star.Trek.III.The.Search.for.Spock.1984.UHD.BluRay.2160p.DD.5.1.HDR.x265-BHDStudio.mp4,13058655948,12.16,2160p,3840,1632,H.265,DD,HDR,BluRay,,105.2,16.55
Star Trek IV The Voyage Home (1986),Star.Trek.IV.The.Voyage.Home.1986.UHD.BluRay.2160p.DD.5.1.HDR.x265-BHDStudio.mp4,/mnt/synology/rs-4kmedia/4kmovies/Star Trek IV The Voyage Home (1986)/Star.Trek.IV.The.Voyage.Home.1986.UHD.BluRay.2160p.DD.5.1.HDR.x265-BHDStudio.mp4,Star Trek IV The Voyage Home (1986)/Star.Trek.IV.The.Voyage.Home.1986.UHD.BluRay.2160p.DD.5.1.HDR.x265-BHDStudio.mp4,14712828878,13.7,2160p,3840,1632,H.265,DD,HDR,BluRay,,118.9,16.51
The Lost World Jurassic Park (1997),The.Lost.World.Jurassic.Park.1997.UHD.BluRay.2160p.DD.5.1.HDR.x265-BHDStudio.mp4,/mnt/synology/rs-4kmedia/4kmovies/The Lost World Jurassic Park (1997)/The.Lost.World.Jurassic.Park.1997.UHD.BluRay.2160p.DD.5.1.HDR.x265-BHDStudio.mp4,The Lost World Jurassic Park (1997)/The.Lost.World.Jurassic.Park.1997.UHD.BluRay.2160p.DD.5.1.HDR.x265-BHDStudio.mp4,15971084806,14.87,2160p,3840,2076,H.265,DD,HDR,BluRay,,128.7,16.55
The Suicide Squad (2021),The.Suicide.Squad.2021.UHD.BluRay.2160p.DD.5.1.HDR.x265-BHDStudio.mp4,/mnt/synology/rs-4kmedia/4kmovies/The Suicide Squad (2021)/The.Suicide.Squad.2021.UHD.BluRay.2160p.DD.5.1.HDR.x265-BHDStudio.mp4,The Suicide Squad (2021)/The.Suicide.Squad.2021.UHD.BluRay.2160p.DD.5.1.HDR.x265-BHDStudio.mp4,16431744890,15.3,2160p,3840,2024,H.265,DD,HDR,BluRay,,132.1,16.58
